customer_id,age,tenure_months,monthly_charges,contract,payment_method,internet_service,support_calls,churn
C100000,55,38,76.28,one-year,mailed_check,dsl,2,no
C100001,49,46,42.45,two-year,card,dsl,0,no
C100002,60,23,63.08,one-year,bank_transfer,fiber,0,no
C100003,68,52,64.18,month-to-month,e_check,fiber,2,no
C100004,28,61,52.73,month-to-month,card,none,0,no
C100005,43,8,,two-year,mailed_check,dsl,2,no
C100006,55,9,22.35,month-to-month,card,fiber,3,yes
C100007,74,13,79.53,two-year,mailed_check,dsl,1,yes
C100008,23,24,78.29,one-year,bank_transfer,dsl,1,no
C100009,31,22,55.51,month-to-month,card,fiber,1,no
C100010,64,56,73.74,month-to-month,mailed_check,fiber,1,yes
C100011,58,20,91.94,month-to-month,bank_transfer,none,2,no
C100012,73,63,,month-to-month,card,dsl,1,yes
C100013,67,54,80.43,month-to-month,e_check,dsl,0,no
C100014,58,67,87.32,month-to-month,e_check,none,1,no
C100015,79,71,19.2,one-year,e_check,none,0,no
C100016,78,6,106.96,two-year,card,dsl,2,yes
C100017,41,49,126.96,one-year,bank_transfer,dsl,2,yes
C100018,71,62,94.52,one-year,card,fiber,1,no
C100019,72,3,95.34,two-year,mailed_check,dsl,2,yes
C100020,48,12,34.79,month-to-month,e_check,fiber,0,no
C100021,55,22,67.04,month-to-month,mailed_check,fiber,3,yes
C100022,79,15,49.7,one-year,card,fiber,2,no
C100023,57,58,55.32,month-to-month,e_check,dsl,1,no
C100024,52,10,94.18,month-to-month,card,dsl,2,no
C100025,33,66,49.9,month-to-month,card,dsl,1,no
C100026,59,26,66.75,month-to-month,mailed_check,fiber,1,no
C100027,72,43,22.29,two-year,mailed_check,dsl,1,no
C100028,29,29,66.04,one-year,mailed_check,none,0,no
C100029,22,25,72.25,month-to-month,bank_transfer,dsl,2,yes
C100030,68,62,52.38,month-to-month,e_check,fiber,1,no
C100031,79,26,52.0,month-to-month,bank_transfer,fiber,1,no
C100032,62,70,117.16,month-to-month,e_check,none,2,yes
C100033,53,45,39.76,month-to-month,card,fiber,1,no
C100034,24,26,,one-year,card,none,0,no
C100035,54,62,49.77,month-to-month,mailed_check,fiber,1,no
C100036,29,20,99.97,month-to-month,mailed_check,dsl,0,yes
C100037,28,25,122.54,month-to-month,e_check,fiber,2,yes
C100038,45,64,78.3,two-year,card,fiber,2,no
C100039,59,14,52.07,month-to-month,card,fiber,2,yes
C100040,74,63,59.31,month-to-month,card,fiber,1,no
C100041,27,1,96.62,two-year,card,fiber,1,no
C100042,36,1,47.22,month-to-month,mailed_check,fiber,1,yes
C100043,69,10,106.32,two-year,mailed_check,fiber,1,yes
C100044,32,44,105.41,one-year,mailed_check,fiber,2,yes
C100045,64,61,71.76,one-year,card,dsl,1,yes
C100046,43,61,86.15,month-to-month,mailed_check,dsl,1,no
C100047,28,45,88.74,month-to-month,,fiber,0,yes
C100048,24,46,108.86,month-to-month,e_check,fiber,1,yes
C100049,66,71,43.71,two-year,e_check,fiber,0,no
C100050,38,68,99.53,month-to-month,card,fiber,0,no
C100051,57,5,60.62,one-year,e_check,fiber,2,no
C100052,42,40,50.81,month-to-month,,fiber,3,yes
C100053,36,26,72.57,month-to-month,e_check,dsl,1,no
C100054,46,10,64.64,month-to-month,mailed_check,fiber,4,yes
C100055,59,57,45.31,month-to-month,bank_transfer,none,0,no
C100056,20,39,30.07,two-year,e_check,fiber,2,no
C100057,61,47,46.45,month-to-month,e_check,dsl,0,no
C100058,76,37,106.31,two-year,bank_transfer,fiber,0,no
C100059,48,5,119.06,one-year,mailed_check,fiber,1,yes
C100060,30,62,,one-year,card,none,2,no
C100061,61,29,99.65,one-year,e_check,dsl,1,no
C100062,38,16,57.08,one-year,mailed_check,fiber,1,no
C100063,67,46,68.07,month-to-month,e_check,fiber,1,yes
C100064,38,22,77.07,month-to-month,e_check,none,0,no
C100065,73,49,42.97,month-to-month,e_check,fiber,1,yes
C100066,52,37,45.25,month-to-month,card,dsl,1,no
C100067,69,33,72.43,month-to-month,card,fiber,3,yes
C100068,43,8,61.99,two-year,mailed_check,fiber,2,yes
C100069,24,14,43.41,month-to-month,bank_transfer,dsl,0,no
C100070,30,62,79.66,one-year,e_check,dsl,1,no
C100071,71,69,63.42,month-to-month,e_check,fiber,0,no
C100072,39,40,95.53,two-year,mailed_check,fiber,3,no
C100073,76,34,69.87,one-year,e_check,fiber,1,no
C100074,56,13,62.49,month-to-month,bank_transfer,dsl,0,yes
C100075,47,51,73.19,two-year,card,dsl,2,no
C100076,60,47,65.7,two-year,e_check,fiber,1,yes
C100077,74,38,53.3,two-year,mailed_check,fiber,0,no
C100078,78,20,59.95,one-year,mailed_check,fiber,2,yes
C100079,31,6,88.74,month-to-month,bank_transfer,fiber,2,yes
C100080,28,69,86.16,month-to-month,mailed_check,dsl,3,yes
C100081,20,17,102.16,two-year,card,fiber,1,no
C100082,66,47,27.68,one-year,e_check,dsl,2,no
C100083,45,5,60.17,month-to-month,card,dsl,1,no
C100084,19,49,59.64,two-year,mailed_check,fiber,4,no
C100085,25,14,74.29,one-year,mailed_check,fiber,1,no
C100086,72,50,58.7,one-year,bank_transfer,dsl,2,no
C100087,26,15,57.17,month-to-month,e_check,none,1,no
C100088,31,36,89.57,month-to-month,e_check,dsl,0,no
C100089,45,30,74.45,month-to-month,bank_transfer,dsl,1,no
C100090,22,37,40.84,month-to-month,e_check,fiber,3,yes
C100091,78,23,103.36,two-year,card,dsl,2,no
C100092,65,24,94.92,month-to-month,mailed_check,dsl,1,yes
C100093,50,26,55.65,month-to-month,mailed_check,fiber,1,no
C100094,40,46,90.78,month-to-month,card,dsl,1,no
C100095,79,58,51.62,one-year,card,fiber,2,yes
C100096,21,26,98.14,month-to-month,card,dsl,2,yes
C100097,49,2,64.55,month-to-month,e_check,fiber,3,yes
C100098,69,14,49.93,month-to-month,bank_transfer,dsl,0,no
C100099,46,8,60.67,month-to-month,e_check,fiber,3,yes
C100100,57,45,50.85,two-year,e_check,none,1,no
C100101,19,58,74.8,one-year,mailed_check,fiber,1,no
C100102,40,16,,month-to-month,e_check,none,0,yes
C100103,23,38,70.9,month-to-month,e_check,fiber,1,yes
C100104,77,34,56.08,two-year,e_check,dsl,3,yes
C100105,72,32,18.0,month-to-month,card,fiber,3,no
C100106,74,63,72.32,one-year,card,fiber,0,no
C100107,60,19,22.59,one-year,e_check,dsl,0,no
C100108,29,45,76.1,month-to-month,card,fiber,1,no
C100109,52,39,,month-to-month,mailed_check,dsl,2,yes
C100110,51,63,76.85,one-year,card,none,3,no
C100111,73,16,60.26,two-year,bank_transfer,fiber,3,no
C100112,78,67,65.5,month-to-month,e_check,dsl,2,yes
C100113,58,61,66.67,two-year,card,dsl,0,no
C100114,73,32,,month-to-month,e_check,fiber,0,no
C100115,35,59,55.41,one-year,card,none,0,no
C100116,42,46,46.9,two-year,e_check,fiber,1,no
C100117,71,23,99.7,month-to-month,mailed_check,fiber,1,yes
C100118,34,61,,month-to-month,mailed_check,fiber,2,no
C100119,63,2,93.91,two-year,mailed_check,dsl,0,yes
C100120,41,10,63.75,month-to-month,,fiber,0,yes
C100121,22,64,71.8,one-year,bank_transfer,fiber,1,no
C100122,71,57,65.74,one-year,bank_transfer,fiber,2,no
C100123,69,22,81.57,month-to-month,bank_transfer,dsl,1,yes
C100124,55,70,90.67,one-year,bank_transfer,dsl,5,no
C100125,40,47,75.99,month-to-month,bank_transfer,dsl,1,no
C100126,30,18,53.15,month-to-month,bank_transfer,dsl,2,yes
C100127,70,61,50.5,month-to-month,card,dsl,0,no
C100128,52,71,111.48,month-to-month,card,dsl,1,no
C100129,69,57,63.0,month-to-month,bank_transfer,fiber,1,yes
C100130,20,45,62.72,two-year,,none,1,no
C100131,74,62,106.63,one-year,bank_transfer,fiber,1,no
C100132,68,58,97.2,month-to-month,bank_transfer,fiber,1,no
C100133,25,35,83.35,month-to-month,e_check,fiber,2,yes
C100134,57,54,,two-year,card,fiber,1,yes
C100135,63,60,128.83,month-to-month,card,dsl,0,no
C100136,39,3,79.82,two-year,mailed_check,fiber,1,yes
C100137,37,33,83.67,month-to-month,mailed_check,fiber,1,yes
C100138,52,67,65.72,month-to-month,,fiber,2,yes
C100139,71,19,34.64,two-year,e_check,none,1,no
C100140,28,44,36.63,one-year,mailed_check,fiber,1,no
C100141,25,35,80.17,one-year,e_check,none,1,yes
C100142,66,42,79.8,month-to-month,e_check,dsl,0,no
C100143,72,24,64.0,two-year,mailed_check,none,2,no
C100144,23,46,40.71,month-to-month,mailed_check,fiber,1,no
C100145,78,55,33.96,two-year,card,fiber,1,no
C100146,55,53,61.8,month-to-month,mailed_check,fiber,1,no
C100147,50,60,33.6,month-to-month,e_check,dsl,2,yes
C100148,47,18,92.47,month-to-month,mailed_check,dsl,2,yes
C100149,52,11,98.82,two-year,,none,1,no
C100150,33,39,140.73,month-to-month,bank_transfer,fiber,2,yes
C100151,55,12,91.96,two-year,e_check,none,2,no
C100152,52,45,55.18,one-year,e_check,dsl,3,no
C100153,73,28,48.21,one-year,mailed_check,fiber,3,no
C100154,27,52,18.0,one-year,card,fiber,0,no
C100155,23,33,55.13,two-year,card,dsl,0,yes
C100156,62,40,65.58,month-to-month,card,fiber,1,no
C100157,70,68,94.2,month-to-month,card,fiber,3,no
C100158,41,45,85.29,month-to-month,card,fiber,1,no
C100159,39,67,84.71,month-to-month,bank_transfer,dsl,1,no
C100160,57,18,,month-to-month,mailed_check,fiber,1,yes
C100161,43,69,86.52,two-year,e_check,fiber,0,no
C100162,62,16,106.19,two-year,e_check,none,2,yes
C100163,72,52,43.38,month-to-month,mailed_check,none,0,no
C100164,67,4,58.57,one-year,card,none,1,no
C100165,25,49,35.29,month-to-month,e_check,none,1,no
C100166,54,63,110.47,one-year,mailed_check,fiber,1,no
C100167,26,20,102.42,one-year,e_check,dsl,5,yes
C100168,34,12,88.81,month-to-month,card,fiber,1,yes
C100169,60,27,40.04,two-year,card,dsl,0,no
C100170,55,5,74.32,month-to-month,e_check,fiber,0,no
C100171,63,1,64.13,one-year,e_check,dsl,0,yes
C100172,57,31,72.02,one-year,mailed_check,fiber,1,no
C100173,31,60,65.3,month-to-month,bank_transfer,fiber,1,no
C100174,54,29,,month-to-month,card,dsl,0,no
C100175,60,20,60.13,month-to-month,card,none,1,yes
C100176,53,16,91.36,one-year,bank_transfer,dsl,1,no
C100177,40,6,76.03,two-year,mailed_check,fiber,1,yes
C100178,68,28,62.67,one-year,card,dsl,2,no
C100179,19,23,67.2,month-to-month,mailed_check,dsl,2,no
C100180,64,32,58.99,two-year,e_check,fiber,0,no
C100181,34,23,90.35,two-year,e_check,dsl,2,no
C100182,74,42,63.21,two-year,e_check,dsl,2,no
C100183,27,52,77.37,month-to-month,card,none,2,no
C100184,71,1,60.19,two-year,bank_transfer,dsl,0,no
C100185,45,1,32.87,month-to-month,e_check,none,1,no
C100186,27,20,92.65,month-to-month,e_check,fiber,1,yes
C100187,46,17,43.55,month-to-month,,fiber,3,yes
C100188,41,7,86.98,month-to-month,card,dsl,1,yes
C100189,41,64,80.5,month-to-month,e_check,none,1,no
C100190,45,7,28.6,month-to-month,card,dsl,1,no
C100191,74,61,,one-year,card,fiber,1,no
C100192,27,5,57.15,month-to-month,bank_transfer,fiber,0,yes
C100193,41,45,49.48,one-year,e_check,fiber,0,no
C100194,69,28,,month-to-month,bank_transfer,dsl,2,no
C100195,29,40,88.5,one-year,e_check,fiber,2,no
C100196,56,38,64.01,month-to-month,bank_transfer,dsl,2,yes
C100197,76,16,79.64,month-to-month,mailed_check,fiber,1,no
C100198,43,8,59.24,two-year,e_check,fiber,4,no
C100199,57,63,77.63,month-to-month,e_check,dsl,1,yes
C100200,58,52,51.22,two-year,mailed_check,fiber,1,no
C100201,77,55,69.34,one-year,mailed_check,dsl,1,no
C100202,55,44,84.55,one-year,e_check,fiber,0,no
C100203,45,37,71.13,month-to-month,card,dsl,2,no
C100204,57,61,58.57,one-year,mailed_check,dsl,2,no
C100205,55,12,42.83,month-to-month,,dsl,2,yes
C100206,70,44,74.19,two-year,bank_transfer,none,2,no
C100207,38,16,78.62,two-year,bank_transfer,none,0,no
C100208,71,47,63.54,two-year,bank_transfer,fiber,1,no
C100209,77,27,50.77,month-to-month,mailed_check,fiber,3,yes
C100210,24,31,83.56,month-to-month,bank_transfer,fiber,1,yes
C100211,35,24,132.04,month-to-month,mailed_check,dsl,2,yes
C100212,23,43,62.44,month-to-month,mailed_check,none,1,no
C100213,75,5,78.42,one-year,card,dsl,1,no
C100214,19,55,79.43,one-year,e_check,fiber,2,no
C100215,39,29,18.0,month-to-month,e_check,none,0,no
C100216,35,70,73.1,two-year,mailed_check,dsl,1,yes
C100217,65,32,52.34,one-year,card,none,2,no
C100218,79,9,104.62,month-to-month,card,fiber,2,no
C100219,58,21,63.65,one-year,e_check,dsl,0,no
C100220,24,33,50.56,two-year,mailed_check,fiber,3,no
C100221,66,28,64.54,month-to-month,mailed_check,dsl,1,yes
C100222,20,19,74.16,one-year,e_check,fiber,2,yes
C100223,30,24,56.0,one-year,card,fiber,2,no
C100224,24,53,68.68,one-year,card,fiber,1,no
C100225,79,27,36.15,month-to-month,e_check,dsl,0,yes
C100226,20,12,64.37,one-year,e_check,dsl,2,yes
C100227,48,44,89.39,one-year,e_check,dsl,2,no
C100228,31,53,119.23,two-year,e_check,fiber,3,no
C100229,22,36,87.66,two-year,mailed_check,fiber,1,yes
C100230,36,52,76.8,month-to-month,bank_transfer,fiber,2,no
C100231,60,15,99.59,one-year,bank_transfer,fiber,1,no
C100232,32,11,95.48,two-year,mailed_check,none,1,no
C100233,22,57,111.6,two-year,mailed_check,fiber,0,no
C100234,51,57,97.07,month-to-month,mailed_check,dsl,2,no
C100235,58,37,67.05,month-to-month,e_check,dsl,3,yes
C100236,73,35,76.46,one-year,e_check,fiber,1,no
C100237,62,33,74.48,month-to-month,mailed_check,fiber,3,yes
C100238,23,16,77.55,one-year,card,dsl,2,yes
C100239,30,51,75.01,two-year,mailed_check,fiber,3,no
C100240,62,28,50.44,month-to-month,mailed_check,none,1,yes
C100241,25,54,18.0,month-to-month,e_check,fiber,0,no
C100242,68,32,53.21,month-to-month,mailed_check,dsl,2,yes
C100243,26,61,,one-year,bank_transfer,none,1,no
C100244,50,61,71.7,month-to-month,e_check,fiber,0,no
C100245,58,58,70.11,month-to-month,e_check,dsl,0,no
C100246,39,20,28.11,month-to-month,bank_transfer,dsl,1,yes
C100247,64,48,87.2,one-year,mailed_check,none,4,no
C100248,79,54,91.67,two-year,mailed_check,dsl,0,no
C100249,75,52,72.4,month-to-month,mailed_check,fiber,1,no
C100250,47,63,111.69,month-to-month,mailed_check,dsl,0,yes
C100251,38,12,116.79,month-to-month,e_check,fiber,3,yes
C100252,27,47,39.85,month-to-month,e_check,dsl,3,yes
C100253,24,50,95.92,month-to-month,bank_transfer,dsl,0,no
C100254,25,26,81.02,month-to-month,e_check,dsl,2,yes
C100255,57,19,80.46,month-to-month,card,fiber,1,yes
C100256,66,41,93.36,month-to-month,e_check,fiber,1,yes
C100257,69,19,52.02,one-year,card,fiber,1,no
C100258,74,42,55.19,one-year,bank_transfer,dsl,4,no
C100259,63,9,49.33,month-to-month,e_check,none,1,no
C100260,54,29,51.13,month-to-month,e_check,none,1,yes
C100261,48,29,,one-year,bank_transfer,fiber,1,no
C100262,27,53,33.7,month-to-month,mailed_check,fiber,0,no
C100263,34,2,43.86,month-to-month,e_check,dsl,4,yes
C100264,27,26,84.44,month-to-month,bank_transfer,dsl,2,no
C100265,63,47,68.23,month-to-month,e_check,fiber,0,yes
C100266,41,36,79.57,two-year,bank_transfer,dsl,0,no
C100267,71,54,22.77,month-to-month,bank_transfer,none,3,no
C100268,64,62,,month-to-month,bank_transfer,fiber,1,no
C100269,31,56,,two-year,card,dsl,0,no
C100270,45,24,,one-year,bank_transfer,fiber,1,no
C100271,62,10,55.34,month-to-month,mailed_check,dsl,1,no
C100272,19,7,93.33,month-to-month,mailed_check,none,1,yes
C100273,65,46,68.54,two-year,bank_transfer,fiber,3,yes
C100274,50,9,70.43,month-to-month,mailed_check,fiber,1,no
C100275,79,60,70.34,one-year,e_check,dsl,1,no
C100276,70,42,87.7,month-to-month,mailed_check,fiber,0,yes
C100277,41,3,58.21,one-year,,fiber,0,no
C100278,18,57,98.06,one-year,card,fiber,0,no
C100279,42,14,81.5,two-year,mailed_check,dsl,1,yes
C100280,55,71,73.85,one-year,e_check,fiber,2,no
C100281,20,20,71.04,month-to-month,card,none,2,no
C100282,21,40,83.01,month-to-month,bank_transfer,fiber,2,yes
C100283,27,33,95.38,month-to-month,e_check,none,1,yes
C100284,46,25,93.64,one-year,card,fiber,1,no
C100285,64,13,79.4,month-to-month,mailed_check,none,2,yes
C100286,19,5,91.92,month-to-month,card,dsl,2,yes
C100287,34,39,72.96,month-to-month,card,fiber,1,no
C100288,77,70,101.31,one-year,bank_transfer,fiber,2,yes
C100289,74,25,69.33,two-year,e_check,fiber,1,no
C100290,74,22,18.12,month-to-month,card,none,3,yes
C100291,37,47,103.45,month-to-month,bank_transfer,dsl,1,no
C100292,60,71,72.7,one-year,e_check,fiber,1,no
C100293,67,38,40.72,one-year,mailed_check,dsl,0,no
C100294,54,69,65.04,one-year,bank_transfer,none,1,no
C100295,40,49,47.9,two-year,card,fiber,3,no
C100296,30,57,122.51,two-year,card,dsl,0,no
C100297,64,18,82.44,two-year,card,dsl,1,no
C100298,70,40,30.78,one-year,bank_transfer,dsl,0,no
C100299,45,51,83.65,month-to-month,e_check,dsl,1,yes
C100300,61,26,60.03,one-year,e_check,none,0,no
C100301,31,53,,month-to-month,e_check,none,2,no
C100302,47,28,,one-year,mailed_check,fiber,2,no
C100303,30,52,18.0,one-year,e_check,fiber,0,no
C100304,30,33,71.65,one-year,card,fiber,1,no
C100305,35,5,61.3,month-to-month,card,fiber,0,yes
C100306,55,7,59.59,month-to-month,mailed_check,none,3,yes
C100307,25,68,,month-to-month,bank_transfer,dsl,2,no
C100308,31,46,80.67,month-to-month,e_check,dsl,0,no
C100309,71,41,111.83,two-year,card,fiber,0,no
C100310,20,55,22.27,month-to-month,mailed_check,dsl,1,no
C100311,75,20,99.28,month-to-month,e_check,none,3,yes
C100312,18,26,55.78,month-to-month,bank_transfer,dsl,3,yes
C100313,67,31,128.73,one-year,bank_transfer,none,1,yes
C100314,77,47,80.9,month-to-month,card,dsl,1,no
C100315,18,37,65.3,two-year,mailed_check,dsl,0,no
C100316,33,20,97.63,two-year,mailed_check,fiber,2,yes
C100317,72,37,,month-to-month,bank_transfer,fiber,0,no
C100318,26,27,55.19,month-to-month,mailed_check,none,2,no
C100319,67,18,,one-year,card,fiber,1,no
C100320,53,14,57.23,two-year,e_check,none,1,no
C100321,70,19,25.29,month-to-month,,none,2,no
C100322,42,39,120.79,one-year,mailed_check,none,1,yes
C100323,57,26,61.26,two-year,bank_transfer,fiber,2,no
C100324,66,31,54.77,two-year,mailed_check,fiber,1,no
C100325,30,56,78.47,month-to-month,bank_transfer,dsl,1,no
C100326,20,50,31.01,month-to-month,card,fiber,2,no
C100327,36,32,36.16,two-year,mailed_check,fiber,1,no
C100328,60,41,57.51,month-to-month,bank_transfer,dsl,4,no
C100329,42,3,57.01,month-to-month,mailed_check,none,2,no
C100330,76,30,71.8,one-year,e_check,dsl,0,no
C100331,29,33,98.06,month-to-month,bank_transfer,dsl,2,no
C100332,63,22,58.15,one-year,card,dsl,2,yes
C100333,19,15,82.32,month-to-month,bank_transfer,dsl,2,yes
C100334,58,53,85.04,two-year,bank_transfer,fiber,3,no
C100335,77,1,42.9,month-to-month,card,fiber,0,no
C100336,19,70,75.71,one-year,card,fiber,4,no
C100337,42,70,46.43,month-to-month,card,fiber,4,yes
C100338,68,45,96.6,month-to-month,card,none,2,yes
C100339,55,21,81.38,month-to-month,e_check,fiber,2,yes
C100340,60,21,70.41,month-to-month,e_check,fiber,3,no
C100341,24,39,36.51,month-to-month,card,fiber,3,no
C100342,61,48,72.9,one-year,mailed_check,none,0,no
C100343,71,26,50.82,month-to-month,mailed_check,none,1,no
C100344,30,32,87.65,month-to-month,mailed_check,none,3,yes
C100345,64,4,67.02,two-year,bank_transfer,dsl,3,no
C100346,44,63,49.69,two-year,mailed_check,none,2,no
C100347,20,64,93.14,two-year,e_check,none,3,yes
C100348,21,19,88.04,month-to-month,mailed_check,dsl,3,yes
C100349,30,67,55.17,month-to-month,e_check,none,2,yes
C100350,19,61,99.05,month-to-month,bank_transfer,none,2,yes
C100351,64,14,62.54,month-to-month,card,fiber,1,yes
C100352,79,11,,month-to-month,e_check,fiber,4,yes
C100353,21,30,73.1,month-to-month,mailed_check,none,0,yes
C100354,65,50,,month-to-month,mailed_check,none,1,no
C100355,19,27,58.96,month-to-month,mailed_check,fiber,1,yes
C100356,60,53,65.99,two-year,card,dsl,3,no
C100357,25,12,108.26,month-to-month,card,dsl,3,yes
C100358,28,66,107.49,month-to-month,bank_transfer,dsl,2,no
C100359,26,47,63.53,one-year,mailed_check,fiber,2,no
C100360,41,18,110.26,month-to-month,card,dsl,0,yes
C100361,65,56,68.92,month-to-month,mailed_check,fiber,2,no
C100362,28,30,79.51,month-to-month,mailed_check,none,0,yes
C100363,66,54,92.09,month-to-month,e_check,none,0,no
C100364,72,50,77.3,one-year,e_check,dsl,1,no
C100365,53,48,130.38,month-to-month,e_check,fiber,0,yes
C100366,30,9,,month-to-month,bank_transfer,dsl,0,yes
C100367,36,2,40.06,one-year,card,none,0,no
C100368,40,50,102.64,two-year,bank_transfer,dsl,1,no
C100369,66,17,59.7,month-to-month,card,dsl,0,no
C100370,73,5,62.39,month-to-month,mailed_check,dsl,3,yes
C100371,57,37,18.0,month-to-month,mailed_check,dsl,0,no
C100372,76,67,95.02,two-year,,fiber,1,no
C100373,21,50,90.46,two-year,mailed_check,dsl,2,no
C100374,68,22,89.98,month-to-month,mailed_check,fiber,2,yes
C100375,29,28,94.46,two-year,card,none,1,yes
C100376,38,50,112.28,month-to-month,bank_transfer,fiber,2,no
C100377,61,32,68.85,month-to-month,,fiber,0,yes
C100378,20,40,93.44,month-to-month,mailed_check,none,1,yes
C100379,53,60,51.4,two-year,bank_transfer,dsl,0,no
C100380,79,5,61.15,month-to-month,bank_transfer,none,2,yes
C100381,42,2,96.42,month-to-month,card,fiber,2,no
C100382,79,64,79.78,one-year,card,dsl,0,no
C100383,50,20,36.66,month-to-month,mailed_check,dsl,0,no
C100384,45,59,79.03,month-to-month,e_check,fiber,2,yes
C100385,33,21,,month-to-month,e_check,dsl,3,yes
C100386,71,61,49.53,two-year,,none,1,yes
C100387,54,71,80.86,one-year,card,none,1,no
C100388,58,66,59.89,two-year,e_check,fiber,1,no
C100389,26,17,30.74,one-year,e_check,none,2,yes
C100390,65,37,42.22,one-year,bank_transfer,fiber,0,no
C100391,79,4,114.23,two-year,card,none,2,no
C100392,34,19,32.13,one-year,e_check,fiber,1,no
C100393,69,30,75.57,one-year,card,fiber,1,no
C100394,45,3,85.25,month-to-month,,fiber,1,no
C100395,48,47,85.98,month-to-month,,fiber,1,yes
C100396,61,14,39.36,one-year,bank_transfer,dsl,2,no
C100397,78,11,61.96,month-to-month,card,dsl,2,yes
C100398,63,47,73.52,two-year,mailed_check,fiber,0,no
C100399,60,60,90.01,one-year,e_check,fiber,2,no
C100400,59,71,53.88,month-to-month,card,fiber,1,no
C100401,53,14,40.91,two-year,e_check,fiber,2,yes
C100402,54,56,95.06,month-to-month,mailed_check,fiber,1,no
C100403,58,51,97.63,month-to-month,bank_transfer,none,0,no
C100404,20,58,79.25,month-to-month,e_check,fiber,0,no
C100405,61,12,54.78,two-year,e_check,fiber,2,yes
C100406,24,35,80.17,one-year,mailed_check,none,1,yes
C100407,79,63,72.73,two-year,card,dsl,0,no
C100408,66,41,90.94,month-to-month,,fiber,1,yes
C100409,66,15,38.77,two-year,card,fiber,0,no
C100410,78,1,72.91,one-year,bank_transfer,fiber,1,yes
C100411,32,52,,one-year,bank_transfer,fiber,0,no
C100412,29,5,,two-year,bank_transfer,fiber,1,yes
C100413,21,60,75.39,month-to-month,card,dsl,2,no
C100414,52,47,70.87,month-to-month,bank_transfer,dsl,1,no
C100415,75,19,59.74,one-year,mailed_check,none,2,yes
C100416,44,16,79.9,two-year,,none,1,no
C100417,63,7,34.53,month-to-month,mailed_check,fiber,1,yes
C100418,24,25,68.66,one-year,mailed_check,fiber,4,no
C100419,54,42,80.79,month-to-month,card,dsl,0,no
C100420,33,22,77.1,one-year,card,fiber,0,yes
C100421,48,36,96.91,one-year,mailed_check,fiber,2,no
C100422,56,45,39.97,month-to-month,bank_transfer,fiber,4,yes
C100423,76,35,32.3,one-year,e_check,dsl,1,no
C100424,61,18,75.98,month-to-month,card,dsl,2,yes
C100425,20,56,81.38,two-year,mailed_check,none,1,yes
C100426,48,51,123.0,month-to-month,mailed_check,none,2,no
C100427,27,33,85.42,month-to-month,mailed_check,dsl,3,yes
C100428,68,13,48.15,one-year,bank_transfer,none,1,no
C100429,37,36,90.15,month-to-month,mailed_check,none,2,yes
C100430,58,26,48.86,one-year,mailed_check,dsl,2,no
C100431,79,35,32.85,month-to-month,mailed_check,none,2,yes
C100432,59,9,135.23,one-year,,fiber,1,no
C100433,61,33,78.15,one-year,mailed_check,dsl,1,no
C100434,49,4,,two-year,e_check,dsl,3,no
C100435,55,29,84.09,month-to-month,mailed_check,fiber,2,no
C100436,77,50,115.3,month-to-month,bank_transfer,fiber,3,yes
C100437,39,12,77.1,one-year,mailed_check,fiber,2,yes
C100438,18,10,100.44,one-year,mailed_check,dsl,6,yes
C100439,27,21,44.32,month-to-month,card,fiber,4,yes
C100440,39,65,35.2,one-year,mailed_check,dsl,0,no
C100441,19,19,105.66,month-to-month,mailed_check,dsl,0,yes
C100442,60,67,106.87,month-to-month,card,fiber,0,yes
C100443,26,18,82.77,two-year,e_check,dsl,3,yes
C100444,68,5,75.65,month-to-month,e_check,none,0,yes
C100445,28,56,74.15,month-to-month,bank_transfer,fiber,2,no
C100446,42,9,52.8,one-year,e_check,fiber,1,no
C100447,49,9,108.47,one-year,bank_transfer,dsl,3,yes
C100448,70,38,86.47,one-year,bank_transfer,fiber,3,yes
C100449,40,15,82.65,two-year,card,dsl,2,yes
C100450,69,43,79.4,month-to-month,e_check,dsl,2,yes
C100451,78,38,96.2,one-year,,fiber,0,yes
C100452,23,51,82.63,two-year,bank_transfer,fiber,3,no
C100453,75,23,88.63,one-year,e_check,fiber,3,yes
C100454,29,20,40.78,one-year,mailed_check,none,2,no
C100455,52,18,82.75,month-to-month,e_check,dsl,1,no
C100456,66,54,124.68,one-year,mailed_check,dsl,0,no
C100457,28,27,57.04,month-to-month,mailed_check,dsl,2,yes
C100458,47,61,66.78,one-year,bank_transfer,none,1,no
C100459,37,36,92.3,month-to-month,bank_transfer,dsl,1,no
C100460,25,57,93.93,month-to-month,mailed_check,fiber,1,no
C100461,19,48,85.61,one-year,card,fiber,0,no
C100462,34,50,29.56,month-to-month,card,dsl,0,no
C100463,59,70,82.54,month-to-month,e_check,none,1,no
C100464,19,33,40.41,two-year,e_check,none,2,no
C100465,41,61,49.38,month-to-month,mailed_check,dsl,1,no
C100466,52,59,83.7,two-year,card,dsl,1,no
C100467,75,31,62.6,one-year,bank_transfer,fiber,1,no
C100468,42,50,90.24,month-to-month,,fiber,0,no
C100469,37,33,148.7,one-year,bank_transfer,fiber,4,yes
C100470,26,48,89.43,month-to-month,card,fiber,1,no
C100471,70,30,88.07,month-to-month,card,none,1,yes
C100472,78,36,47.61,two-year,bank_transfer,fiber,1,no
C100473,42,17,53.93,one-year,card,dsl,2,yes
C100474,66,46,43.41,one-year,bank_transfer,fiber,1,no
C100475,58,68,56.69,one-year,mailed_check,fiber,0,no
C100476,68,26,42.71,one-year,card,none,2,no
C100477,40,5,53.51,one-year,mailed_check,fiber,1,no
C100478,46,51,64.78,month-to-month,mailed_check,dsl,1,no
C100479,68,15,44.99,month-to-month,bank_transfer,none,0,yes
C100480,19,50,34.52,month-to-month,card,dsl,3,yes
C100481,31,48,35.96,month-to-month,mailed_check,none,1,no
C100482,26,68,81.35,month-to-month,mailed_check,fiber,2,yes
C100483,27,42,71.49,two-year,card,fiber,2,no
C100484,26,9,95.65,month-to-month,bank_transfer,fiber,5,yes
C100485,21,20,96.11,month-to-month,e_check,none,0,no
C100486,20,20,61.48,month-to-month,mailed_check,none,0,yes
C100487,41,67,86.75,one-year,mailed_check,fiber,4,no
C100488,56,62,33.99,two-year,mailed_check,dsl,1,no
C100489,63,30,127.08,two-year,bank_transfer,fiber,3,yes
C100490,66,63,99.89,month-to-month,e_check,dsl,0,no
C100491,46,43,64.62,month-to-month,e_check,dsl,3,yes
C100492,49,23,40.92,two-year,card,fiber,2,no
C100493,70,7,79.5,month-to-month,e_check,fiber,1,yes
C100494,38,65,23.25,one-year,bank_transfer,dsl,0,no
C100495,54,64,50.52,month-to-month,card,dsl,0,no
C100496,45,54,88.72,two-year,mailed_check,dsl,1,no
C100497,51,8,71.89,month-to-month,bank_transfer,dsl,2,yes
C100498,22,40,57.73,month-to-month,mailed_check,fiber,1,yes
C100499,48,28,93.77,month-to-month,e_check,dsl,1,yes
C100500,63,49,44.03,month-to-month,bank_transfer,dsl,2,yes
C100501,20,63,77.12,two-year,bank_transfer,dsl,1,no
C100502,24,39,57.55,two-year,e_check,fiber,3,no
C100503,54,68,48.82,month-to-month,card,dsl,2,yes
C100504,76,14,81.58,one-year,card,dsl,2,yes
C100505,29,65,45.18,month-to-month,card,none,2,no
C100506,20,63,117.55,month-to-month,e_check,fiber,2,yes
C100507,23,59,55.38,month-to-month,mailed_check,none,0,no
C100508,31,68,,month-to-month,,dsl,0,yes
C100509,24,17,42.65,month-to-month,bank_transfer,dsl,3,yes
C100510,49,14,85.15,one-year,card,fiber,0,yes
C100511,28,3,40.01,one-year,e_check,dsl,1,yes
C100512,45,54,36.47,month-to-month,mailed_check,none,3,no
C100513,56,33,73.99,one-year,e_check,dsl,1,no
C100514,23,21,86.94,two-year,card,none,1,no
C100515,35,5,38.14,month-to-month,bank_transfer,fiber,2,yes
C100516,20,19,99.6,month-to-month,bank_transfer,fiber,3,no
C100517,36,69,50.06,one-year,e_check,dsl,3,no
C100518,69,6,73.28,month-to-month,card,none,0,yes
C100519,43,1,79.49,one-year,bank_transfer,fiber,6,yes
C100520,40,18,84.87,month-to-month,mailed_check,fiber,2,yes
C100521,77,24,25.05,one-year,card,dsl,0,yes
C100522,41,15,110.46,month-to-month,e_check,dsl,1,yes
C100523,33,15,84.04,month-to-month,e_check,none,4,yes
C100524,58,39,,month-to-month,bank_transfer,none,3,no
C100525,36,1,44.4,one-year,bank_transfer,fiber,1,no
C100526,67,70,27.65,month-to-month,card,fiber,2,no
C100527,33,36,35.96,two-year,e_check,fiber,4,yes
C100528,38,27,83.62,month-to-month,card,fiber,2,yes
C100529,37,6,61.47,month-to-month,mailed_check,fiber,1,yes
C100530,50,14,41.71,month-to-month,mailed_check,fiber,0,no
C100531,36,64,56.83,month-to-month,card,dsl,1,no
C100532,27,24,109.1,month-to-month,e_check,fiber,2,no
C100533,69,49,61.73,one-year,e_check,fiber,3,no
C100534,71,12,55.39,one-year,mailed_check,fiber,1,no
C100535,78,27,103.77,month-to-month,e_check,dsl,1,yes
C100536,69,24,81.55,month-to-month,bank_transfer,none,2,no
C100537,42,60,71.11,month-to-month,bank_transfer,dsl,2,no
C100538,23,29,54.81,one-year,bank_transfer,fiber,0,no
C100539,71,57,31.19,month-to-month,bank_transfer,fiber,3,no
C100540,33,66,40.74,two-year,card,dsl,2,no
C100541,24,24,57.99,one-year,e_check,none,3,no
C100542,42,15,64.51,one-year,e_check,dsl,1,yes
C100543,47,61,78.91,one-year,e_check,dsl,0,no
C100544,58,66,,one-year,e_check,dsl,1,no
C100545,68,66,75.57,month-to-month,bank_transfer,fiber,2,yes
C100546,22,10,75.51,month-to-month,mailed_check,fiber,5,yes
C100547,23,45,44.81,month-to-month,e_check,fiber,1,yes
C100548,74,9,18.0,month-to-month,card,none,0,no
C100549,79,25,56.98,month-to-month,e_check,dsl,1,no
C100550,47,29,46.15,month-to-month,bank_transfer,fiber,1,no
C100551,42,64,53.68,one-year,card,fiber,0,no
C100552,61,53,63.14,month-to-month,bank_transfer,fiber,1,yes
C100553,48,67,38.91,month-to-month,bank_transfer,fiber,0,no
C100554,48,60,42.24,month-to-month,e_check,dsl,2,no
C100555,76,25,67.49,month-to-month,mailed_check,dsl,2,no
C100556,36,62,72.89,two-year,bank_transfer,dsl,2,no
C100557,75,7,53.6,month-to-month,card,fiber,1,no
C100558,21,15,82.46,month-to-month,e_check,dsl,0,no
C100559,30,62,64.51,month-to-month,e_check,fiber,1,yes
C100560,79,4,44.5,month-to-month,card,fiber,0,no
C100561,46,48,71.02,month-to-month,e_check,dsl,1,yes
C100562,24,64,117.06,month-to-month,bank_transfer,none,0,no
C100563,63,17,53.13,month-to-month,card,fiber,0,yes
C100564,26,50,99.15,month-to-month,mailed_check,fiber,1,no
C100565,46,41,104.44,one-year,,fiber,3,yes
C100566,19,50,107.45,month-to-month,e_check,none,4,yes
C100567,76,22,49.43,one-year,bank_transfer,fiber,3,no
C100568,29,9,120.38,month-to-month,bank_transfer,none,0,yes
C100569,30,66,72.91,month-to-month,e_check,dsl,1,no
C100570,46,8,63.66,two-year,card,none,2,no
C100571,78,25,64.24,month-to-month,card,dsl,0,no
C100572,61,1,85.04,two-year,card,none,2,yes
C100573,56,14,71.28,two-year,mailed_check,dsl,1,no
C100574,49,47,,one-year,bank_transfer,none,0,no
C100575,56,4,102.09,month-to-month,e_check,fiber,1,no
C100576,63,16,51.93,one-year,mailed_check,fiber,1,yes
C100577,60,25,43.92,one-year,mailed_check,fiber,0,no
C100578,58,24,89.83,one-year,e_check,fiber,3,yes
C100579,34,71,87.59,month-to-month,card,dsl,2,no
C100580,43,14,,two-year,card,dsl,1,yes
C100581,45,16,43.2,two-year,e_check,fiber,0,no
C100582,44,54,97.03,month-to-month,card,dsl,3,yes
C100583,31,33,82.05,month-to-month,mailed_check,dsl,0,yes
C100584,46,36,114.06,month-to-month,e_check,dsl,1,no
C100585,67,70,38.79,two-year,bank_transfer,dsl,0,no
C100586,30,15,75.46,two-year,card,dsl,0,no
C100587,38,1,63.06,two-year,e_check,fiber,1,no
C100588,26,63,30.26,one-year,bank_transfer,none,3,no
C100589,26,21,52.13,one-year,bank_transfer,fiber,1,yes
C100590,69,23,98.18,one-year,mailed_check,fiber,2,no
C100591,73,59,58.28,one-year,e_check,dsl,0,no
C100592,44,45,51.94,two-year,e_check,fiber,1,no
C100593,39,7,91.71,one-year,e_check,none,4,no
C100594,41,64,94.72,month-to-month,,none,0,yes
C100595,76,66,94.67,month-to-month,mailed_check,fiber,2,no
C100596,79,1,50.26,month-to-month,e_check,fiber,0,no
C100597,45,60,68.55,one-year,mailed_check,none,4,no
C100598,52,13,95.77,one-year,e_check,dsl,1,no
C100599,58,11,53.6,month-to-month,mailed_check,fiber,1,yes
C100600,43,55,51.27,two-year,mailed_check,fiber,1,no
C100601,66,43,90.71,one-year,e_check,fiber,0,no
C100602,24,32,109.06,month-to-month,bank_transfer,fiber,1,yes
C100603,49,40,,month-to-month,bank_transfer,dsl,1,yes
C100604,51,15,18.0,month-to-month,card,dsl,1,no
C100605,76,50,33.74,month-to-month,e_check,fiber,2,yes
C100606,48,26,44.69,month-to-month,e_check,dsl,0,yes
C100607,68,22,66.56,month-to-month,mailed_check,none,0,yes
C100608,68,40,85.4,two-year,mailed_check,dsl,0,no
C100609,73,28,66.34,month-to-month,mailed_check,none,4,no
C100610,53,5,52.49,two-year,bank_transfer,fiber,0,no
C100611,50,18,73.83,one-year,card,dsl,1,no
C100612,55,70,45.95,two-year,e_check,dsl,4,yes
C100613,26,21,68.83,month-to-month,e_check,fiber,0,no
C100614,49,29,53.96,month-to-month,e_check,fiber,4,no
C100615,28,13,137.01,one-year,card,dsl,1,no
C100616,78,4,90.42,month-to-month,e_check,dsl,3,yes
C100617,27,65,49.12,month-to-month,card,none,4,no
C100618,37,43,45.08,one-year,mailed_check,fiber,0,no
C100619,51,64,59.05,one-year,bank_transfer,fiber,0,no
C100620,56,60,,month-to-month,bank_transfer,fiber,3,yes
C100621,76,26,51.74,month-to-month,card,dsl,1,no
C100622,26,35,51.54,two-year,,none,4,no
C100623,52,50,92.1,month-to-month,e_check,dsl,3,yes
C100624,67,56,59.33,one-year,card,dsl,3,no
C100625,44,35,50.24,month-to-month,bank_transfer,dsl,1,yes
C100626,51,3,36.49,two-year,card,dsl,1,no
C100627,24,20,40.58,month-to-month,bank_transfer,dsl,1,yes
C100628,36,23,68.34,month-to-month,mailed_check,fiber,2,yes
C100629,41,25,64.62,month-to-month,mailed_check,fiber,1,yes
C100630,68,42,98.36,one-year,e_check,dsl,1,no
C100631,29,69,54.27,two-year,bank_transfer,none,2,no
C100632,18,11,96.48,month-to-month,e_check,fiber,0,no
C100633,46,25,76.43,month-to-month,card,fiber,3,yes
C100634,43,19,69.88,one-year,card,none,2,no
C100635,46,42,19.79,one-year,bank_transfer,fiber,1,no
C100636,25,58,37.75,month-to-month,e_check,dsl,1,no
C100637,75,68,88.54,one-year,card,fiber,2,no
C100638,39,37,104.95,month-to-month,e_check,none,5,yes
C100639,42,22,75.16,two-year,e_check,dsl,4,yes
C100640,40,16,89.06,month-to-month,card,fiber,1,yes
C100641,72,58,59.81,one-year,e_check,dsl,3,no
C100642,75,4,60.72,one-year,card,none,0,no
C100643,20,9,53.43,one-year,bank_transfer,dsl,4,yes
C100644,19,5,94.37,month-to-month,card,none,3,yes
C100645,39,53,78.57,one-year,mailed_check,dsl,3,no
C100646,63,61,64.15,one-year,e_check,fiber,2,no
C100647,62,58,61.79,month-to-month,bank_transfer,fiber,0,yes
C100648,19,20,83.91,month-to-month,e_check,fiber,0,no
C100649,45,60,78.08,two-year,card,dsl,1,no
C100650,75,1,49.2,one-year,bank_transfer,fiber,2,no
C100651,22,70,112.9,month-to-month,card,dsl,3,no
C100652,75,43,76.43,one-year,mailed_check,dsl,1,no
C100653,40,51,70.26,month-to-month,card,dsl,1,yes
C100654,59,7,106.93,month-to-month,bank_transfer,dsl,1,yes
C100655,52,70,95.6,two-year,,none,1,no
C100656,24,28,67.8,month-to-month,card,fiber,4,yes
C100657,77,20,83.4,month-to-month,bank_transfer,dsl,1,yes
C100658,35,61,43.25,month-to-month,e_check,fiber,1,no
C100659,32,38,53.98,month-to-month,bank_transfer,dsl,1,yes
C100660,22,10,18.0,month-to-month,card,dsl,1,no
C100661,23,16,100.51,month-to-month,card,fiber,2,yes
C100662,75,26,22.54,month-to-month,card,fiber,2,yes
C100663,64,6,87.03,month-to-month,card,fiber,0,no
C100664,61,36,49.23,month-to-month,mailed_check,none,2,no
C100665,56,32,45.53,month-to-month,e_check,none,1,yes
C100666,28,47,65.12,one-year,bank_transfer,none,2,no
C100667,39,52,76.66,two-year,bank_transfer,fiber,0,no
C100668,79,10,85.3,month-to-month,bank_transfer,fiber,0,yes
C100669,42,56,,one-year,mailed_check,dsl,1,yes
C100670,34,59,78.97,month-to-month,e_check,none,3,no
C100671,38,2,92.03,month-to-month,mailed_check,dsl,0,yes
C100672,54,55,55.04,month-to-month,card,none,1,no
C100673,59,67,87.84,two-year,bank_transfer,dsl,1,no
C100674,31,28,73.83,month-to-month,card,fiber,0,no
C100675,71,18,58.42,two-year,bank_transfer,fiber,2,yes
C100676,45,40,67.6,month-to-month,e_check,none,1,yes
C100677,36,21,68.45,one-year,mailed_check,fiber,3,no
C100678,42,15,74.78,two-year,e_check,none,3,no
C100679,74,60,80.03,two-year,card,fiber,0,no
C100680,54,43,57.28,month-to-month,card,fiber,0,yes
C100681,43,64,51.48,month-to-month,mailed_check,none,3,no
C100682,74,51,88.69,month-to-month,card,dsl,3,yes
C100683,48,53,27.59,one-year,,none,0,no
C100684,20,56,54.54,month-to-month,e_check,fiber,0,no
C100685,33,24,108.82,month-to-month,card,fiber,2,yes
C100686,77,10,18.0,two-year,card,fiber,1,no
C100687,23,33,52.67,month-to-month,bank_transfer,fiber,1,no
C100688,61,70,87.19,month-to-month,card,fiber,2,yes
C100689,30,60,28.74,two-year,e_check,none,2,no
C100690,25,52,134.95,month-to-month,mailed_check,fiber,1,no
C100691,33,26,18.0,month-to-month,mailed_check,none,4,no
C100692,40,15,105.91,month-to-month,card,dsl,1,no
C100693,45,58,108.93,month-to-month,mailed_check,fiber,1,no
C100694,71,32,92.91,month-to-month,e_check,fiber,3,yes
C100695,48,56,64.46,one-year,card,fiber,1,no
C100696,46,15,78.93,two-year,card,dsl,1,yes
C100697,70,34,47.57,one-year,card,fiber,1,yes
C100698,64,57,90.23,one-year,mailed_check,fiber,1,no
C100699,40,64,42.0,month-to-month,bank_transfer,fiber,2,no
C100700,30,4,63.15,one-year,,dsl,2,yes
C100701,65,28,94.91,one-year,card,none,1,yes
C100702,56,19,42.14,one-year,mailed_check,fiber,4,no
C100703,33,54,60.89,two-year,bank_transfer,none,1,no
C100704,67,56,,one-year,mailed_check,none,1,yes
C100705,47,46,36.46,month-to-month,,dsl,0,no
C100706,70,53,99.11,one-year,e_check,fiber,0,no
C100707,22,24,78.52,month-to-month,e_check,fiber,1,yes
C100708,37,5,32.11,month-to-month,mailed_check,fiber,1,yes
C100709,73,38,68.83,one-year,bank_transfer,fiber,2,yes
C100710,54,2,50.62,two-year,card,fiber,4,yes
C100711,39,44,53.56,month-to-month,card,none,2,yes
C100712,38,44,71.92,month-to-month,e_check,fiber,1,yes
C100713,57,39,52.26,one-year,e_check,fiber,3,no
C100714,75,61,94.11,month-to-month,e_check,fiber,0,yes
C100715,52,8,52.38,month-to-month,card,fiber,2,yes
C100716,35,29,94.54,month-to-month,mailed_check,fiber,0,yes
C100717,48,71,68.91,month-to-month,card,fiber,1,yes
C100718,73,19,91.39,one-year,card,fiber,0,yes
C100719,32,69,56.47,one-year,e_check,fiber,0,no
C100720,74,1,57.37,month-to-month,mailed_check,dsl,0,no
C100721,69,3,41.19,two-year,card,fiber,0,yes
C100722,36,16,84.45,two-year,mailed_check,fiber,0,no
C100723,47,68,93.44,month-to-month,card,none,0,no
C100724,50,46,122.98,month-to-month,mailed_check,fiber,2,yes
C100725,26,38,102.26,month-to-month,card,none,2,no
C100726,60,9,76.24,two-year,card,none,0,no
C100727,24,9,64.73,two-year,e_check,dsl,0,no
C100728,79,61,79.72,month-to-month,bank_transfer,dsl,4,yes
C100729,49,59,69.31,month-to-month,card,fiber,1,no
C100730,41,5,106.59,month-to-month,card,dsl,2,no
C100731,53,31,93.6,month-to-month,e_check,none,1,yes
C100732,23,39,49.08,two-year,bank_transfer,fiber,3,no
C100733,35,51,52.81,month-to-month,e_check,fiber,0,no
C100734,46,1,104.18,month-to-month,e_check,fiber,1,yes
C100735,32,59,77.7,month-to-month,bank_transfer,dsl,0,no
C100736,43,38,64.21,month-to-month,mailed_check,fiber,2,yes
C100737,69,39,99.66,one-year,mailed_check,none,2,yes
C100738,25,26,60.31,month-to-month,e_check,dsl,0,yes
C100739,60,4,63.01,month-to-month,mailed_check,none,2,no
C100740,20,67,58.47,month-to-month,bank_transfer,dsl,1,no
C100741,26,59,20.96,two-year,card,fiber,1,no
C100742,39,59,91.61,one-year,mailed_check,none,0,no
C100743,68,50,39.77,month-to-month,card,fiber,1,no
C100744,64,35,55.78,two-year,card,fiber,1,no
C100745,21,65,51.4,month-to-month,card,none,0,no
C100746,69,8,88.17,one-year,mailed_check,dsl,1,no
C100747,70,20,68.29,month-to-month,e_check,fiber,2,no
C100748,58,32,70.39,two-year,mailed_check,fiber,2,no
C100749,69,56,28.01,month-to-month,card,none,1,no
C100750,54,24,,month-to-month,e_check,dsl,2,no
C100751,25,62,33.09,one-year,bank_transfer,dsl,1,no
C100752,63,23,77.68,month-to-month,card,fiber,0,no
C100753,79,26,79.17,month-to-month,card,dsl,1,no
C100754,37,23,69.57,month-to-month,mailed_check,fiber,3,yes
C100755,73,30,121.08,month-to-month,mailed_check,none,0,yes
C100756,46,58,83.19,month-to-month,bank_transfer,none,0,yes
C100757,29,24,84.9,month-to-month,e_check,dsl,2,no
C100758,54,35,73.56,month-to-month,mailed_check,fiber,0,no
C100759,58,1,65.18,month-to-month,e_check,none,0,yes
C100760,71,40,94.15,month-to-month,mailed_check,dsl,2,no
C100761,46,17,97.54,one-year,e_check,fiber,1,no
C100762,74,35,37.47,month-to-month,card,dsl,1,no
C100763,26,24,96.36,month-to-month,bank_transfer,none,3,no
C100764,61,27,82.85,month-to-month,bank_transfer,fiber,2,no
C100765,30,8,94.02,one-year,card,none,2,yes
C100766,59,33,81.65,month-to-month,mailed_check,dsl,1,no
C100767,30,55,38.89,month-to-month,card,fiber,2,no
C100768,64,44,40.68,one-year,mailed_check,fiber,2,no
C100769,59,31,115.61,month-to-month,bank_transfer,dsl,0,yes
C100770,46,61,,two-year,card,fiber,1,yes
C100771,53,41,34.57,two-year,mailed_check,fiber,1,no
C100772,75,44,78.7,month-to-month,mailed_check,fiber,1,no
C100773,78,21,60.95,one-year,card,fiber,2,no
C100774,56,49,23.91,month-to-month,mailed_check,dsl,1,no
C100775,36,26,,month-to-month,card,fiber,3,yes
C100776,37,14,29.93,month-to-month,card,fiber,1,no
C100777,47,54,76.79,one-year,e_check,none,1,no
C100778,55,41,68.8,two-year,bank_transfer,none,1,no
C100779,41,34,63.77,month-to-month,card,fiber,2,yes
C100780,46,51,77.12,one-year,e_check,fiber,0,no
C100781,41,43,85.03,month-to-month,bank_transfer,dsl,0,no
C100782,28,54,18.0,month-to-month,bank_transfer,fiber,1,no
C100783,54,31,62.47,two-year,mailed_check,dsl,0,no
C100784,57,71,49.3,one-year,card,none,0,no
C100785,66,40,39.17,month-to-month,card,fiber,2,yes
C100786,65,34,56.32,two-year,e_check,dsl,2,no
C100787,60,64,66.93,month-to-month,bank_transfer,dsl,4,yes
C100788,26,71,63.34,month-to-month,e_check,none,4,no
C100789,25,19,33.63,month-to-month,bank_transfer,dsl,1,yes
C100790,33,17,57.92,two-year,bank_transfer,fiber,1,no
C100791,35,37,120.4,month-to-month,card,none,3,yes
C100792,33,6,43.64,two-year,card,fiber,3,no
C100793,56,49,27.82,one-year,mailed_check,fiber,2,no
C100794,33,49,76.88,month-to-month,,dsl,4,yes
C100795,65,7,84.92,one-year,mailed_check,fiber,1,yes
C100796,54,20,81.6,month-to-month,mailed_check,fiber,0,no
C100797,71,69,42.01,one-year,e_check,none,4,no
C100798,43,13,94.95,one-year,mailed_check,fiber,6,yes
C100799,40,36,50.37,one-year,bank_transfer,none,0,no
C100800,74,49,41.63,two-year,card,none,0,no
C100801,46,18,54.79,month-to-month,card,none,1,yes
C100802,71,25,67.28,two-year,card,fiber,1,no
C100803,20,54,87.85,month-to-month,e_check,fiber,3,yes
C100804,71,31,85.6,one-year,bank_transfer,fiber,3,yes
C100805,50,58,69.44,two-year,e_check,fiber,2,no
C100806,63,5,93.32,two-year,mailed_check,none,4,no
C100807,36,45,72.04,month-to-month,mailed_check,none,0,no
C100808,29,25,92.4,month-to-month,card,dsl,0,no
C100809,50,66,34.9,two-year,card,fiber,0,no
C100810,24,32,30.65,two-year,mailed_check,fiber,0,no
C100811,55,7,89.39,month-to-month,card,fiber,0,yes
C100812,71,60,35.25,two-year,mailed_check,dsl,2,no
C100813,28,38,62.46,month-to-month,bank_transfer,none,1,no
C100814,55,5,67.55,month-to-month,bank_transfer,fiber,3,yes
C100815,22,53,57.8,one-year,bank_transfer,dsl,2,no
C100816,42,42,58.66,month-to-month,mailed_check,dsl,0,no
C100817,62,66,104.82,month-to-month,mailed_check,dsl,2,yes
C100818,47,50,18.0,month-to-month,card,fiber,2,no
C100819,62,46,92.1,month-to-month,card,none,1,no
C100820,79,16,127.38,month-to-month,e_check,none,1,yes
C100821,79,43,70.59,month-to-month,bank_transfer,fiber,0,no
C100822,37,13,69.53,one-year,e_check,dsl,3,yes
C100823,49,28,88.16,one-year,card,none,1,no
C100824,73,31,115.72,one-year,card,none,1,yes
C100825,22,41,40.3,two-year,mailed_check,dsl,1,no
C100826,51,15,72.19,month-to-month,mailed_check,fiber,1,yes
C100827,22,40,65.34,month-to-month,e_check,fiber,1,yes
C100828,21,24,83.98,month-to-month,,fiber,3,yes
C100829,78,65,73.98,month-to-month,mailed_check,fiber,2,no
C100830,74,71,86.49,one-year,e_check,dsl,2,no
C100831,63,59,59.46,month-to-month,bank_transfer,dsl,2,no
C100832,52,17,71.23,month-to-month,card,dsl,1,yes
C100833,28,53,53.24,one-year,e_check,fiber,2,no
C100834,38,70,53.39,month-to-month,mailed_check,dsl,2,no
C100835,44,66,66.46,month-to-month,mailed_check,dsl,0,no
C100836,40,62,66.45,one-year,card,dsl,1,no
C100837,30,5,40.69,one-year,card,dsl,0,no
C100838,70,11,109.25,month-to-month,card,fiber,2,yes
C100839,66,55,66.62,one-year,,dsl,0,no
C100840,74,22,35.41,month-to-month,mailed_check,fiber,4,yes
C100841,63,33,97.54,month-to-month,mailed_check,dsl,2,no
C100842,66,35,51.29,one-year,mailed_check,fiber,3,yes
C100843,75,54,82.71,month-to-month,bank_transfer,dsl,3,yes
C100844,70,53,69.57,month-to-month,e_check,fiber,2,no
C100845,58,22,76.27,one-year,mailed_check,fiber,1,no
C100846,64,57,74.28,one-year,e_check,dsl,4,no
C100847,43,34,55.62,month-to-month,mailed_check,fiber,1,no
C100848,35,42,71.02,one-year,mailed_check,fiber,1,no
C100849,74,59,120.83,month-to-month,card,fiber,4,yes
C100850,76,21,18.0,two-year,mailed_check,fiber,1,no
C100851,41,3,71.65,month-to-month,mailed_check,dsl,0,yes
C100852,22,47,80.87,month-to-month,bank_transfer,dsl,0,yes
C100853,63,21,43.69,month-to-month,mailed_check,fiber,2,yes
C100854,23,19,35.74,two-year,e_check,dsl,0,no
C100855,31,35,123.97,month-to-month,bank_transfer,none,2,yes
C100856,21,63,60.71,one-year,mailed_check,fiber,3,no
C100857,35,61,121.97,two-year,mailed_check,dsl,2,yes
C100858,43,52,83.39,two-year,bank_transfer,fiber,1,yes
C100859,55,20,71.9,month-to-month,e_check,dsl,0,yes
C100860,60,68,81.9,month-to-month,card,none,0,no
C100861,36,59,85.88,one-year,e_check,none,2,no
C100862,44,3,99.49,one-year,card,none,2,yes
C100863,71,18,80.9,month-to-month,mailed_check,none,2,yes
C100864,63,9,73.62,month-to-month,card,dsl,2,yes
C100865,50,22,74.41,month-to-month,mailed_check,dsl,2,no
C100866,56,49,103.8,month-to-month,card,fiber,2,yes
C100867,75,40,90.42,one-year,bank_transfer,fiber,1,no
C100868,31,11,44.95,month-to-month,bank_transfer,fiber,0,yes
C100869,55,47,54.11,month-to-month,card,fiber,0,no
C100870,58,43,78.27,month-to-month,e_check,fiber,0,no
C100871,53,63,54.43,month-to-month,mailed_check,fiber,1,no
C100872,79,23,60.59,month-to-month,e_check,none,3,yes
C100873,49,63,46.1,two-year,,fiber,1,no
C100874,50,47,63.46,month-to-month,mailed_check,none,4,yes
C100875,30,18,80.59,month-to-month,e_check,dsl,1,no
C100876,25,23,94.88,one-year,e_check,dsl,3,yes
C100877,39,53,70.23,month-to-month,bank_transfer,fiber,1,no
C100878,49,50,121.87,month-to-month,card,none,3,yes
C100879,73,46,68.09,two-year,mailed_check,fiber,1,no
C100880,75,29,149.84,two-year,mailed_check,dsl,2,yes
C100881,60,28,95.04,one-year,e_check,dsl,2,no
C100882,36,40,82.42,month-to-month,e_check,dsl,0,no
C100883,65,56,57.52,month-to-month,e_check,none,0,no
C100884,34,18,18.0,month-to-month,mailed_check,dsl,1,no
C100885,43,64,66.12,month-to-month,mailed_check,none,2,yes
C100886,51,15,74.46,month-to-month,bank_transfer,none,2,yes
C100887,30,35,118.06,month-to-month,card,fiber,1,no
C100888,70,22,35.51,one-year,mailed_check,none,3,no
C100889,67,66,117.65,month-to-month,e_check,dsl,3,yes
C100890,66,13,63.72,month-to-month,card,dsl,1,yes
C100891,43,10,88.1,two-year,e_check,dsl,1,yes
C100892,64,49,18.0,month-to-month,card,dsl,0,no
C100893,66,12,73.48,month-to-month,card,none,3,yes
C100894,58,71,61.41,month-to-month,mailed_check,dsl,1,yes
C100895,22,55,87.06,one-year,card,fiber,0,no
C100896,23,63,72.28,one-year,e_check,dsl,1,no
C100897,39,22,41.44,month-to-month,card,fiber,1,no
C100898,22,54,93.67,one-year,bank_transfer,fiber,1,no
C100899,58,42,87.37,month-to-month,bank_transfer,fiber,3,no
C100900,55,31,84.92,month-to-month,e_check,dsl,3,yes
C100901,75,36,95.22,one-year,mailed_check,dsl,3,yes
C100902,53,2,97.52,two-year,e_check,dsl,2,no
C100903,30,11,69.45,two-year,card,dsl,0,no
C100904,29,9,36.06,one-year,mailed_check,none,0,no
C100905,78,54,35.38,month-to-month,mailed_check,none,0,no
C100906,31,20,103.74,month-to-month,mailed_check,dsl,0,no
C100907,59,53,87.76,two-year,card,none,3,no
C100908,54,51,72.55,month-to-month,card,fiber,2,no
C100909,30,11,59.13,month-to-month,,dsl,1,yes
C100910,48,24,70.79,one-year,,dsl,3,yes
C100911,18,19,70.62,two-year,card,none,1,no
C100912,63,9,61.58,one-year,e_check,dsl,3,yes
C100913,75,57,52.52,month-to-month,mailed_check,none,2,yes
C100914,65,27,124.11,month-to-month,mailed_check,fiber,0,yes
C100915,59,65,75.71,month-to-month,card,none,0,no
C100916,58,60,54.85,two-year,e_check,fiber,3,yes
C100917,62,62,37.45,two-year,mailed_check,dsl,1,no
C100918,19,53,51.86,month-to-month,mailed_check,fiber,2,no
C100919,43,36,87.99,two-year,e_check,fiber,1,no
C100920,65,31,88.96,month-to-month,card,dsl,2,yes
C100921,23,27,64.54,month-to-month,bank_transfer,none,0,no
C100922,44,45,71.29,month-to-month,mailed_check,none,2,no
C100923,47,32,62.37,month-to-month,bank_transfer,none,4,no
C100924,65,61,42.3,month-to-month,bank_transfer,fiber,1,no
C100925,57,13,102.54,month-to-month,card,fiber,1,yes
C100926,47,26,79.32,one-year,e_check,dsl,1,no
C100927,35,36,131.91,month-to-month,e_check,none,1,no
C100928,36,20,51.1,two-year,mailed_check,fiber,2,no
C100929,77,17,66.56,two-year,e_check,fiber,1,yes
C100930,68,40,92.07,month-to-month,e_check,fiber,4,yes
C100931,65,12,63.87,month-to-month,,none,1,no
C100932,24,56,35.31,two-year,e_check,dsl,1,no
C100933,19,28,46.28,month-to-month,mailed_check,dsl,5,yes
C100934,36,54,72.52,month-to-month,,none,5,yes
C100935,36,5,78.58,month-to-month,mailed_check,dsl,2,yes
C100936,69,56,67.63,two-year,mailed_check,dsl,7,no
C100937,73,34,95.09,one-year,e_check,fiber,0,no
C100938,31,61,94.82,month-to-month,e_check,dsl,4,yes
C100939,64,50,78.07,month-to-month,mailed_check,dsl,3,no
C100940,49,58,70.67,month-to-month,e_check,none,2,yes
C100941,67,47,63.68,month-to-month,bank_transfer,fiber,1,yes
C100942,38,8,83.78,two-year,e_check,fiber,1,yes
C100943,29,70,92.99,two-year,card,dsl,1,no
C100944,22,28,71.52,month-to-month,bank_transfer,fiber,3,no
C100945,72,63,81.25,month-to-month,e_check,dsl,0,yes
C100946,65,37,61.89,month-to-month,mailed_check,fiber,2,yes
C100947,58,45,34.71,two-year,bank_transfer,fiber,2,no
C100948,62,13,44.98,one-year,bank_transfer,fiber,1,yes
C100949,43,64,89.14,one-year,card,dsl,1,no
C100950,75,57,81.18,one-year,bank_transfer,fiber,1,no
C100951,60,32,109.76,month-to-month,e_check,fiber,4,yes
C100952,66,30,71.4,two-year,bank_transfer,none,1,no
C100953,33,57,91.62,month-to-month,bank_transfer,dsl,2,no
C100954,28,12,103.08,one-year,mailed_check,dsl,1,no
C100955,73,21,94.86,month-to-month,e_check,fiber,1,yes
C100956,75,10,54.79,month-to-month,bank_transfer,none,3,yes
C100957,22,38,65.39,two-year,card,fiber,1,yes
C100958,24,27,73.24,month-to-month,mailed_check,none,1,no
C100959,34,70,45.35,month-to-month,card,fiber,3,no
C100960,70,64,81.86,month-to-month,bank_transfer,dsl,0,no
C100961,62,43,95.6,one-year,card,dsl,2,no
C100962,36,55,57.98,month-to-month,bank_transfer,dsl,0,no
C100963,43,36,119.31,month-to-month,mailed_check,fiber,0,yes
C100964,71,31,62.73,month-to-month,card,fiber,2,yes
C100965,72,56,64.93,month-to-month,e_check,dsl,3,yes
C100966,38,26,64.04,month-to-month,mailed_check,none,1,yes
C100967,69,23,52.29,month-to-month,bank_transfer,dsl,2,no
C100968,75,11,80.45,month-to-month,bank_transfer,fiber,3,yes
C100969,60,60,70.5,one-year,card,dsl,1,no
C100970,38,57,111.53,month-to-month,bank_transfer,none,0,no
C100971,40,2,85.18,two-year,bank_transfer,dsl,2,yes
C100972,57,60,83.44,two-year,card,none,1,no
C100973,45,17,64.46,month-to-month,mailed_check,fiber,0,yes
C100974,47,64,34.64,month-to-month,e_check,dsl,1,no
C100975,38,13,67.76,two-year,mailed_check,dsl,2,no
C100976,63,12,48.74,month-to-month,e_check,dsl,2,no
C100977,37,19,93.8,two-year,card,fiber,0,yes
C100978,29,67,69.24,month-to-month,card,none,3,yes
C100979,18,68,111.64,one-year,mailed_check,none,0,yes
C100980,49,47,88.38,month-to-month,e_check,dsl,2,no
C100981,34,2,90.89,one-year,card,fiber,1,yes
C100982,74,44,75.77,two-year,mailed_check,dsl,3,no
C100983,61,22,75.22,month-to-month,card,dsl,4,yes
C100984,47,52,86.33,two-year,e_check,fiber,4,no
C100985,51,41,93.07,month-to-month,card,fiber,2,no
C100986,77,63,52.24,month-to-month,card,none,1,no
C100987,38,50,82.31,month-to-month,card,none,2,yes
C100988,63,23,135.53,month-to-month,bank_transfer,dsl,2,yes
C100989,38,55,67.76,month-to-month,card,fiber,0,no
C100990,49,18,63.61,one-year,mailed_check,none,1,no
C100991,29,28,52.69,month-to-month,mailed_check,fiber,3,yes
C100992,79,17,33.79,one-year,mailed_check,fiber,0,no
C100993,22,16,99.72,two-year,bank_transfer,fiber,4,no
C100994,37,29,71.52,two-year,card,fiber,1,yes
C100995,27,61,77.49,two-year,mailed_check,fiber,0,no
C100996,76,32,116.12,two-year,e_check,fiber,2,no
C100997,56,9,132.73,month-to-month,card,none,2,yes
C100998,46,54,47.79,two-year,e_check,dsl,1,no
C100999,75,5,96.36,month-to-month,e_check,fiber,2,no
C101000,70,40,85.6,two-year,mailed_check,fiber,3,yes
C101001,60,17,79.99,two-year,card,none,2,yes
C101002,47,65,82.0,one-year,e_check,dsl,2,no
C101003,39,35,69.46,month-to-month,bank_transfer,fiber,0,yes
C101004,41,30,109.78,month-to-month,e_check,fiber,3,yes
C101005,52,67,85.42,month-to-month,mailed_check,fiber,0,no
C101006,59,33,78.68,month-to-month,e_check,none,0,no
C101007,26,52,,month-to-month,e_check,fiber,0,no
C101008,28,31,92.48,month-to-month,mailed_check,dsl,2,no
C101009,23,41,81.57,two-year,e_check,fiber,1,no
C101010,57,36,78.24,two-year,mailed_check,dsl,3,no
C101011,21,38,113.96,month-to-month,e_check,fiber,1,no
C101012,52,31,82.81,month-to-month,bank_transfer,fiber,1,yes
C101013,53,50,67.82,month-to-month,bank_transfer,dsl,0,no
C101014,50,34,48.64,month-to-month,mailed_check,none,1,no
C101015,54,45,61.47,month-to-month,e_check,none,1,no
C101016,48,52,43.83,one-year,bank_transfer,fiber,1,no
C101017,27,24,72.76,month-to-month,bank_transfer,fiber,1,yes
C101018,62,13,76.5,month-to-month,mailed_check,none,2,yes
C101019,76,7,18.8,month-to-month,mailed_check,none,2,no
C101020,47,43,70.53,one-year,mailed_check,dsl,0,no
C101021,26,15,86.3,month-to-month,e_check,none,1,yes
C101022,59,26,74.23,month-to-month,mailed_check,dsl,2,no
C101023,49,56,46.2,month-to-month,mailed_check,dsl,0,no
C101024,59,33,101.79,two-year,bank_transfer,fiber,2,no
C101025,58,46,52.66,month-to-month,mailed_check,dsl,1,no
C101026,30,11,39.36,one-year,card,none,3,yes
C101027,19,57,43.05,month-to-month,mailed_check,none,1,no
C101028,37,43,69.7,two-year,e_check,dsl,3,no
C101029,34,4,94.63,month-to-month,card,fiber,2,yes
C101030,61,34,99.2,month-to-month,bank_transfer,none,3,no
C101031,51,64,75.3,two-year,card,fiber,3,no
C101032,74,34,,one-year,e_check,fiber,1,no
C101033,59,28,53.63,month-to-month,bank_transfer,fiber,1,yes
C101034,33,2,47.61,month-to-month,e_check,fiber,2,yes
C101035,60,66,65.59,two-year,mailed_check,fiber,2,no
C101036,30,16,25.69,month-to-month,card,fiber,4,yes
C101037,59,43,72.82,month-to-month,e_check,none,0,no
C101038,59,31,86.16,two-year,e_check,dsl,1,no
C101039,22,39,66.31,month-to-month,e_check,dsl,1,yes
C101040,45,9,81.53,month-to-month,e_check,dsl,2,no
C101041,21,59,46.56,month-to-month,mailed_check,dsl,2,yes
C101042,59,12,33.66,month-to-month,card,dsl,1,no
C101043,71,45,54.1,month-to-month,e_check,none,2,no
C101044,49,19,98.95,one-year,e_check,dsl,1,no
C101045,27,48,95.77,month-to-month,card,fiber,2,no
C101046,33,7,58.6,month-to-month,mailed_check,dsl,1,yes
C101047,40,12,100.12,two-year,bank_transfer,none,2,no
C101048,62,65,61.9,two-year,card,dsl,3,no
C101049,70,43,107.82,one-year,mailed_check,fiber,2,yes
C101050,78,58,82.08,month-to-month,e_check,fiber,2,yes
C101051,20,26,58.72,month-to-month,mailed_check,dsl,2,yes
C101052,48,55,89.9,one-year,card,dsl,0,yes
C101053,71,6,50.65,month-to-month,card,fiber,2,yes
C101054,65,51,46.62,two-year,mailed_check,dsl,1,no
C101055,58,10,33.74,month-to-month,mailed_check,dsl,2,yes
C101056,36,46,76.46,month-to-month,bank_transfer,none,1,no
C101057,42,35,68.67,month-to-month,e_check,dsl,3,yes
C101058,21,45,68.07,one-year,mailed_check,dsl,4,no
C101059,32,19,59.75,one-year,bank_transfer,fiber,0,no
C101060,36,8,105.95,one-year,card,fiber,3,no
C101061,50,55,59.41,month-to-month,bank_transfer,fiber,0,no
C101062,22,33,51.91,two-year,e_check,fiber,1,no
C101063,69,9,101.15,one-year,mailed_check,dsl,4,yes
C101064,30,30,105.53,month-to-month,card,fiber,0,yes
C101065,30,1,78.47,month-to-month,mailed_check,fiber,1,yes
C101066,32,63,26.5,one-year,mailed_check,none,1,no
C101067,33,71,55.01,month-to-month,bank_transfer,dsl,0,no
C101068,79,29,85.32,one-year,mailed_check,dsl,4,no
C101069,48,23,70.44,one-year,e_check,dsl,4,no
C101070,26,45,108.85,month-to-month,mailed_check,dsl,0,no
C101071,68,37,35.83,two-year,card,dsl,0,no
C101072,52,54,86.96,month-to-month,card,fiber,1,yes
C101073,43,15,54.32,month-to-month,mailed_check,fiber,2,yes
C101074,60,27,103.08,month-to-month,mailed_check,none,1,no
C101075,43,15,68.12,two-year,card,dsl,2,yes
C101076,25,68,95.77,month-to-month,bank_transfer,none,2,no
C101077,77,29,53.81,one-year,e_check,dsl,2,no
C101078,62,46,34.76,month-to-month,mailed_check,fiber,1,no
C101079,51,57,42.24,two-year,bank_transfer,none,4,yes
C101080,67,44,54.83,two-year,e_check,fiber,0,no
C101081,66,3,44.38,month-to-month,card,none,2,yes
C101082,45,71,100.01,two-year,card,fiber,0,no
C101083,59,60,103.47,one-year,card,dsl,4,no
C101084,61,22,,month-to-month,card,fiber,4,yes
C101085,51,71,44.15,month-to-month,mailed_check,fiber,0,yes
C101086,54,64,,month-to-month,e_check,dsl,1,no
C101087,44,40,52.85,month-to-month,card,dsl,1,no
C101088,35,31,106.35,month-to-month,mailed_check,none,2,yes
C101089,58,26,77.9,month-to-month,bank_transfer,fiber,2,no
C101090,63,19,82.24,month-to-month,card,none,2,yes
C101091,69,17,60.01,one-year,card,dsl,1,yes
C101092,45,9,19.72,two-year,e_check,none,2,no
C101093,26,13,50.72,two-year,bank_transfer,dsl,2,no
C101094,36,70,42.08,month-to-month,mailed_check,dsl,2,no
C101095,34,23,79.26,one-year,mailed_check,fiber,1,no
C101096,47,16,72.41,month-to-month,card,fiber,0,no
C101097,31,61,49.96,month-to-month,card,dsl,2,no
C101098,36,43,60.28,two-year,e_check,none,3,yes
C101099,68,1,109.16,month-to-month,e_check,none,3,yes
C101100,60,18,46.02,two-year,bank_transfer,dsl,1,no
C101101,38,56,47.05,one-year,bank_transfer,fiber,0,yes
C101102,19,20,64.29,month-to-month,bank_transfer,none,3,no
C101103,45,48,52.52,one-year,card,fiber,1,no
C101104,33,42,59.28,month-to-month,mailed_check,fiber,0,no
C101105,49,2,83.29,two-year,mailed_check,dsl,1,yes
C101106,43,10,113.31,month-to-month,mailed_check,fiber,2,yes
C101107,77,5,25.51,month-to-month,bank_transfer,dsl,1,no
C101108,56,59,69.54,one-year,bank_transfer,none,2,yes
C101109,18,53,71.04,month-to-month,e_check,dsl,3,no
C101110,77,10,67.9,month-to-month,bank_transfer,dsl,3,yes
C101111,29,48,65.32,month-to-month,mailed_check,none,1,yes
C101112,41,12,61.49,month-to-month,mailed_check,dsl,0,no
C101113,71,23,95.1,month-to-month,e_check,fiber,2,yes
C101114,39,49,58.37,one-year,card,fiber,2,yes
C101115,46,62,66.82,two-year,bank_transfer,dsl,1,no
C101116,63,22,70.0,month-to-month,card,none,3,yes
C101117,40,15,72.69,one-year,e_check,dsl,0,no
C101118,60,2,65.73,two-year,e_check,dsl,5,no
C101119,76,31,94.98,month-to-month,e_check,dsl,1,no
C101120,24,41,69.78,one-year,e_check,none,4,no
C101121,24,9,74.35,month-to-month,card,dsl,4,yes
C101122,65,48,68.71,two-year,mailed_check,none,1,no
C101123,18,46,44.92,one-year,,fiber,3,no
C101124,78,12,49.25,two-year,card,none,2,no
C101125,74,7,,one-year,card,dsl,2,yes
C101126,38,14,74.82,two-year,e_check,none,2,no
C101127,68,13,52.16,month-to-month,card,none,0,yes
C101128,47,13,43.47,one-year,card,fiber,1,yes
C101129,51,55,75.95,month-to-month,e_check,dsl,1,no
C101130,56,17,83.13,month-to-month,e_check,none,4,yes
C101131,34,36,25.98,month-to-month,bank_transfer,none,1,no
C101132,47,55,112.24,one-year,e_check,dsl,1,no
C101133,66,47,70.81,one-year,card,none,1,no
C101134,61,30,67.37,two-year,bank_transfer,dsl,2,no
C101135,27,53,96.67,month-to-month,bank_transfer,dsl,2,yes
C101136,43,2,71.75,month-to-month,card,dsl,2,yes
C101137,44,44,54.9,month-to-month,bank_transfer,fiber,3,no
C101138,41,25,124.86,two-year,bank_transfer,fiber,3,no
C101139,28,15,43.14,month-to-month,mailed_check,dsl,1,yes
C101140,63,13,67.56,month-to-month,card,fiber,3,yes
C101141,43,50,91.18,one-year,bank_transfer,none,1,no
C101142,46,69,43.26,one-year,mailed_check,dsl,1,no
C101143,18,9,67.45,month-to-month,e_check,fiber,2,yes
C101144,26,22,79.66,month-to-month,mailed_check,dsl,0,no
C101145,46,20,130.04,month-to-month,card,fiber,2,yes
C101146,57,35,47.68,two-year,card,dsl,4,no
C101147,46,32,68.81,one-year,mailed_check,dsl,2,no
C101148,45,48,86.47,month-to-month,mailed_check,dsl,1,no
C101149,78,9,72.03,month-to-month,bank_transfer,fiber,1,no
C101150,18,36,39.93,month-to-month,e_check,fiber,1,no
C101151,41,8,80.2,one-year,e_check,fiber,1,no
C101152,60,58,72.69,one-year,bank_transfer,dsl,2,no
C101153,50,47,81.14,two-year,mailed_check,none,1,yes
C101154,73,63,98.29,month-to-month,mailed_check,dsl,1,no
C101155,27,53,95.33,month-to-month,e_check,dsl,2,no
C101156,46,49,80.19,one-year,e_check,fiber,2,no
C101157,35,27,77.76,two-year,bank_transfer,dsl,2,no
C101158,58,60,42.54,one-year,mailed_check,dsl,3,no
C101159,32,28,66.64,month-to-month,e_check,fiber,3,yes
C101160,69,18,75.51,two-year,bank_transfer,fiber,3,no
C101161,78,15,59.97,month-to-month,e_check,none,2,yes
C101162,78,37,72.44,two-year,bank_transfer,dsl,3,no
C101163,25,38,49.37,month-to-month,card,fiber,2,yes
C101164,59,18,108.36,month-to-month,bank_transfer,dsl,3,yes
C101165,57,42,123.8,two-year,bank_transfer,none,2,no
C101166,46,15,60.26,month-to-month,card,fiber,2,yes
C101167,69,67,80.01,two-year,card,none,2,no
C101168,35,3,64.15,one-year,e_check,dsl,2,no
C101169,76,3,101.57,month-to-month,card,fiber,0,yes
C101170,77,24,80.87,month-to-month,card,fiber,3,yes
C101171,61,65,71.93,one-year,e_check,dsl,3,no
C101172,37,15,64.41,month-to-month,card,none,0,no
C101173,29,71,73.15,two-year,mailed_check,fiber,4,yes
C101174,66,24,44.99,two-year,bank_transfer,fiber,2,no
C101175,75,25,86.89,month-to-month,bank_transfer,dsl,2,yes
C101176,76,8,52.15,month-to-month,bank_transfer,fiber,2,yes
C101177,50,52,83.37,two-year,,fiber,0,no
C101178,36,62,,month-to-month,bank_transfer,dsl,2,no
C101179,50,59,97.37,month-to-month,bank_transfer,dsl,0,no
C101180,32,11,69.58,month-to-month,bank_transfer,none,1,yes
C101181,73,47,95.58,month-to-month,mailed_check,fiber,1,no
C101182,36,32,46.94,month-to-month,mailed_check,dsl,4,yes
C101183,18,21,85.24,one-year,card,fiber,1,yes
C101184,33,55,64.4,two-year,card,fiber,0,no
C101185,62,45,74.86,two-year,bank_transfer,dsl,0,no
C101186,63,62,71.79,month-to-month,mailed_check,dsl,3,yes
C101187,65,63,,month-to-month,mailed_check,fiber,2,no
C101188,25,61,19.51,month-to-month,bank_transfer,none,2,no
C101189,59,8,78.08,two-year,mailed_check,fiber,1,yes
C101190,24,44,32.64,month-to-month,e_check,none,2,no
C101191,30,35,100.17,month-to-month,mailed_check,dsl,5,yes
C101192,69,13,20.68,two-year,e_check,fiber,1,no
C101193,74,2,44.91,month-to-month,e_check,fiber,2,yes
C101194,46,15,28.15,month-to-month,mailed_check,fiber,0,yes
C101195,32,60,110.98,one-year,bank_transfer,dsl,3,no
C101196,72,49,37.78,month-to-month,mailed_check,fiber,2,no
C101197,38,56,72.85,two-year,mailed_check,dsl,3,yes
C101198,28,64,56.61,month-to-month,mailed_check,fiber,1,no
C101199,69,4,25.01,month-to-month,e_check,fiber,0,no
C101200,57,29,61.57,month-to-month,card,none,1,yes
C101201,75,53,86.57,one-year,mailed_check,dsl,2,no
C101202,64,53,65.39,month-to-month,e_check,fiber,1,no
C101203,34,50,93.53,two-year,bank_transfer,dsl,4,yes
C101204,63,10,60.95,two-year,mailed_check,none,1,no
C101205,47,9,70.17,two-year,mailed_check,fiber,0,no
C101206,55,31,60.38,month-to-month,e_check,dsl,1,no
C101207,70,38,78.59,month-to-month,e_check,fiber,1,yes
C101208,56,23,117.47,month-to-month,card,dsl,2,yes
C101209,51,49,79.06,two-year,e_check,dsl,2,yes
C101210,44,16,74.86,one-year,mailed_check,dsl,3,yes
C101211,32,24,54.54,month-to-month,card,dsl,2,yes
C101212,38,8,51.11,one-year,card,fiber,4,yes
C101213,41,36,106.6,two-year,bank_transfer,fiber,4,yes
C101214,24,53,,two-year,bank_transfer,fiber,4,no
C101215,57,70,47.17,one-year,card,fiber,2,no
C101216,18,18,67.56,two-year,e_check,fiber,0,yes
C101217,62,46,59.34,two-year,,fiber,2,no
C101218,29,4,118.9,month-to-month,card,fiber,0,yes
C101219,37,36,18.0,month-to-month,e_check,none,6,yes
C101220,75,63,79.03,one-year,e_check,dsl,2,yes
C101221,29,5,87.82,month-to-month,bank_transfer,dsl,3,yes
C101222,77,28,41.99,month-to-month,bank_transfer,dsl,1,yes
C101223,66,9,53.89,two-year,card,dsl,0,no
C101224,28,38,80.82,one-year,e_check,fiber,0,no
C101225,36,61,110.74,month-to-month,bank_transfer,fiber,2,no
C101226,40,34,46.99,two-year,mailed_check,fiber,0,no
C101227,33,53,30.52,month-to-month,mailed_check,fiber,1,no
C101228,49,22,94.31,two-year,e_check,dsl,0,no
C101229,35,60,108.09,two-year,bank_transfer,fiber,1,no
C101230,19,17,61.62,month-to-month,e_check,fiber,4,yes
C101231,32,42,18.0,month-to-month,mailed_check,dsl,0,no
C101232,45,26,106.3,month-to-month,mailed_check,fiber,0,no
C101233,26,41,65.04,two-year,bank_transfer,fiber,2,no
C101234,61,20,98.1,month-to-month,mailed_check,dsl,0,no
C101235,41,38,68.91,month-to-month,e_check,fiber,1,yes
C101236,45,20,60.61,two-year,e_check,dsl,1,no
C101237,29,53,58.7,one-year,bank_transfer,fiber,3,no
C101238,50,17,106.84,one-year,e_check,fiber,2,no
C101239,58,24,105.86,one-year,card,dsl,1,no
C101240,70,2,18.0,month-to-month,bank_transfer,fiber,3,no
C101241,24,36,46.59,month-to-month,mailed_check,dsl,0,yes
C101242,57,1,114.43,month-to-month,mailed_check,dsl,0,yes
C101243,40,34,60.82,month-to-month,e_check,fiber,0,no
C101244,25,61,35.99,month-to-month,card,fiber,1,no
C101245,76,47,70.11,one-year,mailed_check,none,1,no
C101246,45,38,67.29,one-year,mailed_check,none,0,no
C101247,46,16,67.57,one-year,mailed_check,none,0,no
C101248,48,62,58.01,month-to-month,,fiber,0,no
C101249,73,2,62.25,month-to-month,mailed_check,none,1,no
C101250,59,14,58.6,two-year,mailed_check,dsl,0,no
C101251,32,7,78.35,month-to-month,bank_transfer,fiber,3,yes
C101252,76,26,49.68,month-to-month,card,fiber,0,no
C101253,66,13,62.76,month-to-month,,none,5,yes
C101254,31,11,66.4,two-year,card,dsl,2,yes
C101255,23,61,102.64,month-to-month,card,fiber,3,yes
C101256,77,39,79.34,month-to-month,bank_transfer,dsl,1,no
C101257,76,51,67.26,month-to-month,bank_transfer,dsl,0,no
C101258,40,38,83.4,one-year,card,fiber,1,yes
C101259,77,54,80.15,two-year,e_check,dsl,2,no
C101260,51,54,97.2,one-year,bank_transfer,fiber,0,no
C101261,60,32,82.66,month-to-month,mailed_check,fiber,0,no
C101262,56,60,114.85,month-to-month,bank_transfer,dsl,0,no
C101263,30,8,103.62,one-year,mailed_check,fiber,1,yes
C101264,40,67,68.97,two-year,card,fiber,1,no
C101265,64,34,59.64,month-to-month,e_check,dsl,0,no
C101266,43,12,92.06,one-year,e_check,fiber,1,no
C101267,67,62,82.92,month-to-month,e_check,fiber,2,no
C101268,41,48,67.64,month-to-month,bank_transfer,none,0,yes
C101269,58,37,33.08,month-to-month,bank_transfer,none,2,yes
C101270,69,20,24.19,one-year,e_check,fiber,0,no
C101271,66,45,78.71,two-year,e_check,fiber,2,no
C101272,73,58,89.27,one-year,e_check,fiber,3,yes
C101273,33,27,90.09,month-to-month,bank_transfer,dsl,2,yes
C101274,18,11,37.82,one-year,card,fiber,1,no
C101275,66,11,95.93,month-to-month,mailed_check,dsl,3,yes
C101276,21,57,56.65,month-to-month,e_check,fiber,2,no
C101277,31,45,79.71,month-to-month,card,fiber,4,yes
C101278,41,18,80.42,month-to-month,bank_transfer,fiber,1,yes
C101279,49,35,49.94,month-to-month,bank_transfer,dsl,4,no
C101280,18,12,55.22,month-to-month,e_check,none,2,no
C101281,42,25,18.17,month-to-month,card,dsl,2,yes
C101282,32,58,47.08,month-to-month,mailed_check,fiber,0,no
C101283,31,19,24.94,month-to-month,card,dsl,1,no
C101284,34,69,80.93,two-year,bank_transfer,none,0,no
C101285,33,50,71.54,two-year,mailed_check,none,2,no
C101286,46,4,92.85,month-to-month,card,fiber,2,yes
C101287,72,23,78.91,one-year,card,none,0,no
C101288,66,23,54.13,two-year,card,fiber,4,yes
C101289,21,41,78.66,month-to-month,bank_transfer,fiber,0,no
C101290,35,71,,one-year,mailed_check,fiber,2,no
C101291,48,19,85.23,month-to-month,card,none,1,yes
C101292,22,13,77.88,one-year,e_check,dsl,1,no
C101293,47,54,45.29,two-year,mailed_check,fiber,2,no
C101294,76,45,70.05,month-to-month,card,dsl,0,yes
C101295,24,27,71.38,two-year,mailed_check,fiber,1,yes
C101296,34,50,62.31,one-year,e_check,dsl,4,yes
C101297,23,34,92.37,one-year,bank_transfer,fiber,4,no
C101298,40,63,112.83,one-year,e_check,fiber,1,no
C101299,45,66,60.81,two-year,mailed_check,none,0,no
C101300,47,23,61.23,month-to-month,bank_transfer,none,2,no
C101301,40,52,18.0,one-year,card,dsl,0,no
C101302,51,36,66.78,month-to-month,bank_transfer,dsl,1,no
C101303,34,53,59.1,month-to-month,bank_transfer,dsl,4,no
C101304,70,27,18.0,one-year,bank_transfer,fiber,2,no
C101305,33,25,77.21,month-to-month,e_check,dsl,1,no
C101306,33,2,,month-to-month,e_check,none,3,no
C101307,32,60,51.65,one-year,card,dsl,2,no
C101308,58,37,60.68,two-year,mailed_check,none,2,no
C101309,57,28,45.84,one-year,mailed_check,fiber,0,no
C101310,64,39,89.06,month-to-month,mailed_check,fiber,1,no
C101311,78,71,32.06,one-year,mailed_check,fiber,1,no
C101312,23,59,62.17,month-to-month,card,none,0,no
C101313,37,64,118.78,one-year,card,dsl,1,no
C101314,70,27,71.29,one-year,e_check,none,2,no
C101315,42,47,81.7,one-year,bank_transfer,none,2,no
C101316,34,38,66.33,month-to-month,e_check,fiber,1,no
C101317,61,60,40.64,month-to-month,bank_transfer,fiber,2,no
C101318,51,52,69.18,one-year,e_check,dsl,0,no
C101319,37,39,80.16,month-to-month,mailed_check,fiber,1,no
C101320,67,35,44.43,one-year,e_check,fiber,3,no
C101321,25,53,78.54,month-to-month,mailed_check,dsl,2,yes
C101322,47,36,101.12,month-to-month,bank_transfer,dsl,0,yes
C101323,58,9,96.74,month-to-month,card,none,0,no
C101324,65,4,30.43,one-year,bank_transfer,none,3,no
C101325,39,71,45.62,two-year,mailed_check,fiber,2,no
C101326,26,19,29.66,two-year,card,fiber,0,yes
C101327,18,57,96.78,month-to-month,e_check,fiber,1,yes
C101328,77,9,85.26,one-year,card,none,2,yes
C101329,38,11,87.58,month-to-month,bank_transfer,fiber,2,no
C101330,46,3,48.04,one-year,card,fiber,2,yes
C101331,72,18,40.83,month-to-month,bank_transfer,none,2,yes
C101332,60,70,71.92,month-to-month,e_check,dsl,1,no
C101333,21,41,72.52,month-to-month,mailed_check,fiber,3,yes
C101334,27,1,48.64,month-to-month,bank_transfer,none,4,yes
C101335,73,55,73.55,one-year,card,none,0,no
C101336,60,67,86.11,one-year,card,none,2,no
C101337,56,11,75.7,one-year,,dsl,0,no
C101338,72,40,44.02,month-to-month,e_check,fiber,1,yes
C101339,69,69,18.0,one-year,card,dsl,0,no
C101340,64,24,63.53,month-to-month,mailed_check,none,0,no
C101341,52,25,74.11,one-year,bank_transfer,fiber,1,no
C101342,75,44,63.5,month-to-month,bank_transfer,fiber,0,no
C101343,62,71,59.29,one-year,mailed_check,fiber,3,no
C101344,23,66,52.71,month-to-month,e_check,fiber,1,no
C101345,72,54,87.89,month-to-month,mailed_check,none,1,yes
C101346,27,21,68.69,month-to-month,card,fiber,3,yes
C101347,28,35,73.08,month-to-month,card,dsl,2,no
C101348,64,13,45.71,month-to-month,mailed_check,fiber,2,yes
C101349,24,26,54.49,one-year,card,dsl,1,no
C101350,19,68,74.09,two-year,e_check,dsl,0,no
C101351,53,7,44.86,month-to-month,e_check,fiber,1,no
C101352,56,10,38.52,month-to-month,mailed_check,fiber,1,no
C101353,47,7,61.77,one-year,card,dsl,4,yes
C101354,39,15,100.02,month-to-month,e_check,dsl,4,yes
C101355,50,45,74.77,two-year,card,dsl,1,no
C101356,49,27,106.49,month-to-month,mailed_check,dsl,3,yes
C101357,40,55,66.71,month-to-month,mailed_check,fiber,2,yes
C101358,46,43,62.25,month-to-month,bank_transfer,dsl,0,no
C101359,78,65,35.19,month-to-month,card,dsl,0,no
C101360,66,23,55.59,month-to-month,mailed_check,dsl,1,no
C101361,55,26,105.88,month-to-month,mailed_check,fiber,0,yes
C101362,19,3,78.19,one-year,e_check,none,4,yes
C101363,55,67,88.33,two-year,e_check,fiber,4,no
C101364,74,60,87.63,month-to-month,bank_transfer,dsl,1,no
C101365,19,22,69.76,one-year,bank_transfer,none,0,no
C101366,52,17,64.88,month-to-month,mailed_check,none,1,no
C101367,35,67,72.98,one-year,bank_transfer,none,0,no
C101368,67,37,86.78,month-to-month,card,fiber,0,yes
C101369,35,66,81.45,month-to-month,bank_transfer,dsl,2,no
C101370,47,23,82.3,two-year,e_check,fiber,2,yes
C101371,79,12,73.85,one-year,mailed_check,fiber,0,no
C101372,23,42,,month-to-month,e_check,dsl,1,no
C101373,26,62,63.46,month-to-month,e_check,fiber,1,no
C101374,31,8,46.46,two-year,card,dsl,0,no
C101375,49,50,95.12,two-year,card,none,2,yes
C101376,28,3,18.0,one-year,e_check,fiber,0,no
C101377,63,50,64.55,two-year,e_check,none,2,yes
C101378,35,63,129.68,two-year,e_check,dsl,1,yes
C101379,56,60,61.46,one-year,bank_transfer,fiber,2,no
C101380,32,44,41.63,one-year,mailed_check,none,2,no
C101381,65,39,69.55,month-to-month,mailed_check,fiber,0,no
C101382,48,10,102.23,month-to-month,card,dsl,2,no
C101383,40,36,65.99,one-year,card,fiber,2,no
C101384,62,66,85.33,two-year,card,fiber,2,yes
C101385,28,27,72.5,month-to-month,bank_transfer,fiber,2,yes
C101386,55,20,60.68,month-to-month,,dsl,5,yes
C101387,32,62,148.76,month-to-month,card,fiber,1,yes
C101388,34,38,71.78,one-year,mailed_check,none,1,no
C101389,52,64,56.57,month-to-month,bank_transfer,dsl,3,no
C101390,61,3,57.75,one-year,bank_transfer,none,2,yes
C101391,50,12,79.51,month-to-month,e_check,dsl,1,no
C101392,26,49,,one-year,card,fiber,1,no
C101393,43,55,89.3,one-year,e_check,dsl,1,no
C101394,71,70,73.53,month-to-month,bank_transfer,fiber,4,yes
C101395,74,20,34.21,month-to-month,mailed_check,fiber,1,yes
C101396,41,19,83.3,month-to-month,card,dsl,1,yes
C101397,42,14,62.28,one-year,card,dsl,0,no
C101398,33,53,62.85,month-to-month,card,none,1,yes
C101399,31,15,32.93,month-to-month,bank_transfer,fiber,4,yes
C101400,51,65,55.66,month-to-month,bank_transfer,none,1,yes
C101401,55,41,51.83,month-to-month,card,fiber,1,no
C101402,57,48,69.09,two-year,bank_transfer,none,2,yes
C101403,54,20,33.66,two-year,e_check,fiber,2,yes
C101404,54,52,71.27,two-year,card,none,3,yes
C101405,66,18,73.11,two-year,card,fiber,1,no
C101406,62,13,42.01,one-year,card,dsl,1,no
C101407,52,7,,month-to-month,mailed_check,dsl,5,no
C101408,66,11,48.56,two-year,mailed_check,dsl,2,no
C101409,18,24,92.69,one-year,bank_transfer,dsl,2,no
C101410,76,8,18.0,one-year,e_check,fiber,1,no
C101411,48,55,61.42,one-year,e_check,fiber,2,no
C101412,57,25,28.49,two-year,card,none,4,no
C101413,29,2,59.21,month-to-month,bank_transfer,dsl,3,no
C101414,69,64,91.17,one-year,bank_transfer,none,2,no
C101415,32,35,54.23,month-to-month,bank_transfer,dsl,0,no
C101416,55,47,73.46,month-to-month,mailed_check,dsl,0,no
C101417,65,43,48.88,month-to-month,mailed_check,dsl,0,no
C101418,63,57,118.49,month-to-month,mailed_check,dsl,1,no
C101419,77,4,,month-to-month,mailed_check,fiber,1,yes
C101420,47,26,98.18,month-to-month,e_check,none,1,no
C101421,72,21,36.8,month-to-month,bank_transfer,dsl,0,no
C101422,31,41,42.47,two-year,bank_transfer,dsl,0,no
C101423,32,65,96.99,one-year,mailed_check,dsl,1,yes
C101424,60,1,,one-year,bank_transfer,fiber,1,yes
C101425,44,71,63.55,two-year,bank_transfer,dsl,1,no
C101426,48,34,78.34,month-to-month,bank_transfer,fiber,2,no
C101427,71,61,38.62,month-to-month,card,none,0,no
C101428,19,68,89.32,month-to-month,bank_transfer,dsl,0,no
C101429,70,13,,month-to-month,card,dsl,3,yes
C101430,44,17,81.98,two-year,bank_transfer,dsl,2,yes
C101431,21,55,53.23,month-to-month,bank_transfer,none,3,yes
C101432,41,30,82.83,one-year,e_check,dsl,0,no
C101433,35,33,52.38,two-year,bank_transfer,none,5,no
C101434,69,23,93.86,month-to-month,mailed_check,dsl,2,no
C101435,54,13,98.24,one-year,card,dsl,0,no
C101436,61,60,92.8,month-to-month,card,fiber,2,yes
C101437,30,35,82.91,month-to-month,e_check,fiber,3,no
C101438,18,1,85.85,month-to-month,mailed_check,dsl,2,yes
C101439,19,66,18.0,month-to-month,card,fiber,0,no
C101440,43,9,90.87,month-to-month,mailed_check,dsl,1,yes
C101441,31,63,63.15,month-to-month,e_check,none,2,no
C101442,65,51,72.37,two-year,card,fiber,1,no
C101443,51,28,62.91,month-to-month,e_check,none,2,yes
C101444,55,29,35.22,month-to-month,mailed_check,fiber,2,no
C101445,62,5,56.53,two-year,e_check,fiber,1,no
C101446,73,28,86.46,month-to-month,bank_transfer,none,2,yes
C101447,63,64,105.43,two-year,mailed_check,fiber,2,no
C101448,54,63,54.43,two-year,card,dsl,0,no
C101449,53,71,47.4,one-year,e_check,fiber,3,no
C101450,27,48,106.29,month-to-month,e_check,dsl,1,no
C101451,55,37,47.94,month-to-month,e_check,fiber,1,no
C101452,66,58,121.84,month-to-month,card,none,0,no
C101453,50,16,71.27,month-to-month,e_check,fiber,1,no
C101454,22,64,47.91,month-to-month,bank_transfer,none,0,no
C101455,67,39,94.61,month-to-month,e_check,fiber,2,yes
C101456,57,32,112.33,two-year,e_check,dsl,0,no
C101457,58,50,34.13,month-to-month,mailed_check,dsl,3,yes
C101458,20,42,108.97,two-year,e_check,dsl,1,yes
C101459,60,35,62.96,one-year,mailed_check,dsl,1,yes
C101460,19,64,107.16,month-to-month,card,dsl,2,yes
C101461,73,26,60.49,one-year,card,dsl,4,yes
C101462,41,61,30.57,month-to-month,mailed_check,fiber,1,no
C101463,25,18,82.55,month-to-month,card,fiber,0,yes
C101464,19,30,93.16,two-year,card,fiber,1,no
C101465,20,22,,month-to-month,bank_transfer,fiber,0,yes
C101466,78,14,113.09,month-to-month,,none,2,yes
C101467,50,4,87.38,month-to-month,mailed_check,fiber,1,yes
C101468,20,41,64.06,one-year,mailed_check,fiber,2,no
C101469,45,19,56.98,month-to-month,card,fiber,0,no
C101470,27,71,62.63,month-to-month,mailed_check,dsl,2,no
C101471,74,68,49.23,one-year,card,dsl,4,no
C101472,34,23,63.14,month-to-month,bank_transfer,none,1,no
C101473,37,1,18.0,one-year,mailed_check,dsl,3,no
C101474,77,53,74.47,month-to-month,mailed_check,none,1,no
C101475,59,52,69.28,month-to-month,e_check,fiber,2,no
C101476,47,26,134.15,month-to-month,bank_transfer,dsl,2,no
C101477,61,57,,one-year,e_check,none,2,yes
C101478,45,9,57.99,two-year,mailed_check,fiber,2,yes
C101479,32,29,84.12,one-year,card,none,3,no
C101480,27,15,39.36,month-to-month,bank_transfer,fiber,0,yes
C101481,18,43,54.93,month-to-month,card,none,2,yes
C101482,37,5,23.31,month-to-month,,fiber,1,no
C101483,43,16,105.91,month-to-month,bank_transfer,dsl,3,yes
C101484,73,12,84.83,month-to-month,mailed_check,fiber,2,yes
C101485,30,48,40.61,month-to-month,card,fiber,0,no
C101486,44,30,68.49,two-year,mailed_check,none,3,no
C101487,29,51,93.74,one-year,mailed_check,none,1,yes
C101488,27,10,82.38,two-year,mailed_check,none,3,yes
C101489,46,53,79.56,one-year,e_check,fiber,0,no
C101490,36,42,48.55,month-to-month,e_check,fiber,0,yes
C101491,29,35,54.07,month-to-month,e_check,fiber,0,no
C101492,55,28,72.38,month-to-month,bank_transfer,none,4,yes
C101493,52,69,93.01,month-to-month,e_check,fiber,1,yes
C101494,18,46,49.28,month-to-month,e_check,dsl,2,no
C101495,56,62,41.96,one-year,bank_transfer,fiber,1,no
C101496,19,18,98.6,month-to-month,card,fiber,1,no
C101497,47,41,46.74,month-to-month,card,none,2,yes
C101498,32,50,96.93,month-to-month,,none,2,yes
C101499,52,49,76.08,one-year,e_check,fiber,2,no
