sqft,bedrooms,bathrooms,age_years,neighborhood,garage_spaces,price
2322.0,3,1.9,69,industrial,1,278100.0
632.0,1,1.1,55,hills,1,199300.0
1666.0,2,1.4,21,industrial,0,213500.0
2704.0,5,3.5,35,downtown,2,592100.0
1809.0,3,2.3,30,industrial,2,235600.0
2422.0,5,2.7,9,suburb,2,435000.0
2050.0,3,1.9,86,hills,2,518400.0
1498.0,2,1.0,27,downtown,2,372500.0
1966.0,3,2.1,71,downtown,1,446400.0
2428.0,4,2.2,37,riverside,1,493500.0
2570.0,5,2.9,43,downtown,0,572100.0
2666.0,6,4.4,13,suburb,1,473900.0
1133.0,2,1.1,76,industrial,0,142000.0
2294.0,4,1.6,62,riverside,1,455700.0
972.0,3,1.9,81,riverside,0,161400.0
1719.0,2,1.3,4,suburb,2,350000.0
1672.0,2,1.0,31,downtown,1,413400.0
2174.0,4,2.4,37,downtown,1,495800.0
1986.0,3,2.3,85,riverside,2,410900.0
2546.0,4,2.2,28,hills,1,629700.0
1430.0,3,1.7,82,hills,1,366000.0
2303.0,4,2.1,82,suburb,1,347300.0
2032.0,3,2.0,80,downtown,0,457200.0
1799.0,3,1.7,11,downtown,1,473700.0
1078.0,2,1.0,44,downtown,2,266200.0
2139.0,4,2.3,6,suburb,1,378100.0
1987.0,3,2.7,62,riverside,0,421600.0
2270.0,4,1.6,29,downtown,2,570300.0
1775.0,1,1.0,58,industrial,2,237400.0
1644.0,4,2.6,86,industrial,1,190900.0
2031.0,2,1.0,5,downtown,0,461600.0
2075.0,3,2.8,43,downtown,1,506700.0
2210.0,6,2.9,87,suburb,1,370900.0
2933.0,5,2.4,78,industrial,0,342100.0
1428.0,1,1.0,14,hills,1,392500.0
2999.0,6,4.1,3,industrial,1,399600.0
450.0,1,1.0,89,suburb,1,85100.0
2373.0,4,2.7,71,downtown,1,486400.0
1308.0,2,1.4,42,hills,2,356700.0
2999.0,6,4.2,64,hills,1,708900.0
1266.0,3,1.0,38,hills,0,304100.0
2434.0,4,2.5,87,suburb,2,418400.0
1205.0,3,2.5,62,hills,1,365000.0
1120.0,1,1.0,16,hills,0,355600.0
2279.0,4,2.6,48,riverside,2,459500.0
2318.0,3,2.4,10,industrial,1,299500.0
1379.0,3,2.4,43,suburb,2,283300.0
3238.0,5,2.9,87,riverside,0,577700.0
1606.0,2,2.1,32,suburb,2,307600.0
2734.0,6,3.9,84,suburb,2,450100.0
1191.0,1,1.1,5,riverside,1,266100.0
1222.0,1,1.0,46,hills,1,378400.0
1852.0,4,2.0,69,hills,0,404700.0
1192.0,2,1.0,81,hills,1,266900.0
2071.0,3,2.7,47,riverside,1,468000.0
513.0,1,1.0,74,suburb,2,109500.0
1905.0,5,2.1,73,downtown,1,469500.0
1462.0,2,1.6,52,riverside,1,326200.0
1223.0,2,1.3,64,industrial,1,169300.0
1925.0,3,1.0,41,riverside,1,388600.0
1665.0,2,1.0,13,suburb,0,270500.0
1529.0,3,1.7,2,riverside,1,336600.0
2283.0,4,3.0,23,industrial,1,313900.0
1975.0,3,1.0,60,suburb,2,337600.0
2026.0,4,2.1,78,suburb,1,304000.0
2594.0,3,2.3,67,industrial,1,291800.0
1755.0,3,2.2,1,suburb,2,334300.0
2300.0,4,2.0,52,hills,0,563900.0
1549.0,5,2.9,80,hills,2,438900.0
2162.0,2,1.0,68,riverside,2,466500.0
2114.0,4,3.1,54,suburb,0,349100.0
1471.0,4,2.2,43,riverside,1,372000.0
892.0,1,1.2,32,riverside,0,227600.0
1033.0,3,2.2,21,hills,1,383700.0
1235.0,2,1.0,69,riverside,0,227800.0
2131.0,2,1.1,85,industrial,2,272800.0
1718.0,3,2.1,49,suburb,1,335500.0
1620.0,2,1.4,7,riverside,1,329300.0
2084.0,4,3.2,73,riverside,2,474000.0
2234.0,3,2.4,24,industrial,1,311300.0
2632.0,5,3.2,43,downtown,1,659100.0
1443.0,1,1.0,18,downtown,1,381100.0
2127.0,3,1.5,52,industrial,1,295300.0
2221.0,5,2.7,54,hills,1,556300.0
1230.0,2,1.5,3,hills,1,377300.0
1873.0,3,2.0,41,hills,1,531400.0
1251.0,2,1.0,59,hills,1,355500.0
1664.0,2,1.2,51,downtown,1,353800.0
2050.0,6,3.2,9,hills,1,646000.0
783.0,1,1.0,42,hills,1,274900.0
1277.0,2,1.8,76,hills,1,363900.0
1317.0,2,1.0,55,downtown,2,316700.0
1854.0,3,1.5,30,industrial,2,286900.0
1359.0,3,2.1,9,industrial,0,210900.0
2021.0,3,1.8,60,suburb,2,380700.0
1287.0,2,1.3,33,riverside,2,311800.0
1490.0,2,1.0,61,riverside,0,284900.0
2160.0,3,1.8,49,downtown,1,472400.0
1988.0,3,1.6,79,downtown,1,416300.0
1889.0,3,1.4,54,hills,1,520200.0
1776.0,3,1.5,38,industrial,0,216400.0
2397.0,3,1.7,39,suburb,2,401900.0
2619.0,5,3.4,62,downtown,1,612300.0
1577.0,3,2.7,4,downtown,2,442300.0
1366.0,2,1.3,9,riverside,1,282400.0
1178.0,2,1.9,62,riverside,2,264200.0
2833.0,5,3.1,54,downtown,1,624400.0
1264.0,1,1.0,45,hills,2,419900.0
1009.0,2,1.2,81,downtown,1,250900.0
1958.0,5,3.6,86,hills,2,478200.0
2426.0,4,3.1,69,hills,1,560300.0
1062.0,3,1.4,30,industrial,0,149900.0
1725.0,2,2.3,6,riverside,1,414000.0
943.0,1,1.0,61,hills,2,268400.0
1384.0,2,1.0,69,industrial,1,183700.0
2770.0,6,3.4,3,suburb,2,461300.0
1899.0,2,1.9,58,industrial,2,260600.0
1643.0,2,1.4,61,suburb,1,310600.0
1841.0,4,2.9,67,downtown,1,353200.0
1967.0,3,1.0,6,suburb,2,373500.0
1737.0,3,1.8,27,downtown,1,444100.0
1090.0,2,1.2,55,industrial,2,168600.0
1094.0,2,1.6,77,hills,1,294800.0
2997.0,5,2.8,57,downtown,1,664500.0
1343.0,2,1.8,8,suburb,2,296200.0
2513.0,4,2.1,64,downtown,1,563300.0
1371.0,2,1.0,89,riverside,0,253700.0
2575.0,5,2.2,45,industrial,2,379600.0
2214.0,3,2.4,86,hills,1,582600.0
1673.0,3,2.2,43,downtown,2,461800.0
2998.0,4,2.0,46,riverside,2,579100.0
1242.0,3,2.4,10,riverside,1,308800.0
1659.0,3,1.7,55,suburb,0,304000.0
1287.0,3,1.8,22,industrial,0,171900.0
1336.0,3,1.1,48,hills,2,416200.0
1583.0,3,1.6,72,riverside,2,304000.0
1228.0,3,1.9,80,downtown,2,361500.0
1605.0,2,1.3,86,hills,1,430200.0
2741.0,5,2.7,22,suburb,1,459500.0
762.0,1,1.1,30,downtown,0,209600.0
1050.0,4,3.1,60,hills,1,273000.0
1231.0,2,1.0,48,hills,1,341100.0
1521.0,3,2.0,63,downtown,1,399100.0
2402.0,3,1.1,25,hills,0,632100.0
2229.0,5,3.2,81,suburb,2,375700.0
2084.0,4,2.0,25,hills,0,639600.0
1921.0,2,1.1,20,suburb,1,362700.0
3227.0,5,3.1,71,suburb,1,538600.0
1127.0,2,1.1,8,industrial,1,176000.0
1112.0,1,1.1,75,hills,2,323900.0
1784.0,4,2.0,56,riverside,1,458900.0
1922.0,5,2.8,55,hills,2,547000.0
1658.0,2,1.4,43,hills,2,407500.0
1298.0,3,1.8,78,industrial,1,172200.0
1019.0,1,1.0,52,riverside,1,271300.0
1634.0,4,2.3,0,downtown,2,505700.0
1377.0,1,1.0,31,hills,1,375500.0
1512.0,2,1.5,81,industrial,2,203500.0
1154.0,3,1.9,30,downtown,0,270900.0
2598.0,4,2.9,9,hills,0,720200.0
2068.0,4,3.1,19,downtown,0,473600.0
2904.0,4,2.3,1,riverside,2,604800.0
1492.0,3,1.5,89,riverside,1,280200.0
1834.0,4,2.2,10,hills,1,498500.0
1651.0,2,1.0,35,downtown,1,458100.0
1812.0,2,1.0,22,hills,1,554000.0
1647.0,3,2.6,3,suburb,1,325000.0
1701.0,4,2.6,48,riverside,1,375800.0
624.0,1,1.8,9,downtown,0,247300.0
1637.0,2,1.0,5,industrial,1,231100.0
2212.0,6,3.9,4,downtown,1,554600.0
638.0,1,1.0,82,industrial,1,84400.0
1592.0,2,1.2,25,suburb,0,322000.0
2141.0,4,2.9,39,industrial,0,282000.0
2554.0,3,1.8,40,suburb,2,444800.0
1749.0,3,1.8,88,suburb,2,287100.0
2071.0,3,1.9,88,suburb,1,309600.0
2844.0,4,1.4,64,suburb,2,503100.0
2572.0,5,2.7,76,suburb,0,384100.0
1530.0,2,1.0,23,industrial,2,216000.0
1439.0,2,2.0,19,riverside,1,301600.0
2407.0,5,3.3,18,riverside,1,483800.0
1932.0,2,1.6,5,downtown,0,455600.0
1476.0,3,2.1,73,downtown,1,334600.0
1662.0,4,2.3,23,industrial,0,204600.0
1988.0,4,3.2,51,industrial,1,254400.0
1680.0,3,1.7,32,riverside,1,368000.0
1648.0,3,1.1,8,downtown,1,347700.0
1659.0,2,1.5,9,downtown,0,435000.0
911.0,2,1.8,24,industrial,2,159000.0
2834.0,5,3.1,73,suburb,2,428200.0
2527.0,4,2.6,11,hills,0,649600.0
2701.0,4,2.9,86,suburb,0,436200.0
1719.0,4,3.2,53,industrial,2,245400.0
1874.0,2,1.5,77,suburb,1,307900.0
2142.0,4,3.2,80,suburb,1,359400.0
2288.0,3,2.0,29,suburb,1,423300.0
710.0,1,1.6,33,industrial,0,105200.0
2010.0,5,2.4,55,suburb,2,344900.0
1205.0,2,1.7,2,suburb,1,268300.0
1757.0,3,2.0,1,industrial,1,258400.0
1405.0,1,1.0,84,downtown,2,300800.0
2815.0,5,2.4,21,hills,1,715600.0
2120.0,4,2.9,74,hills,2,524400.0
1783.0,2,1.1,81,suburb,2,299900.0
2630.0,6,3.2,3,industrial,1,316400.0
1757.0,1,1.0,10,downtown,1,391600.0
1368.0,3,1.7,25,industrial,1,180500.0
1689.0,1,1.0,9,industrial,2,246200.0
1582.0,1,1.0,34,downtown,1,470600.0
1828.0,2,1.0,69,hills,0,467500.0
2300.0,4,2.6,88,riverside,1,489700.0
1729.0,2,1.2,43,suburb,2,317400.0
1761.0,2,2.2,2,hills,2,606300.0
2403.0,3,1.6,70,riverside,1,479600.0
1971.0,2,1.6,89,suburb,0,303500.0
2365.0,3,2.7,79,industrial,1,315900.0
1880.0,2,1.1,55,hills,2,451000.0
1024.0,1,1.1,8,riverside,0,215600.0
1132.0,2,1.4,35,suburb,0,194900.0
812.0,1,1.0,84,riverside,1,192600.0
2477.0,4,3.2,36,industrial,0,340800.0
2047.0,4,2.0,67,suburb,1,347800.0
1517.0,2,1.0,59,riverside,0,294800.0
1210.0,2,1.0,30,suburb,2,245300.0
2015.0,3,1.8,28,riverside,2,462000.0
1721.0,2,1.7,60,riverside,2,347200.0
1990.0,3,1.7,26,riverside,0,441300.0
1298.0,1,1.0,53,hills,0,309400.0
1140.0,2,1.0,71,riverside,2,282100.0
2734.0,3,2.4,10,riverside,1,564400.0
1233.0,2,1.2,29,riverside,1,270700.0
1786.0,2,1.0,50,riverside,0,346200.0
2595.0,5,3.8,72,hills,2,623900.0
709.0,2,1.2,4,riverside,1,217000.0
2216.0,2,1.5,30,suburb,0,325700.0
1841.0,4,2.5,24,hills,0,481200.0
1714.0,2,1.6,61,downtown,0,384000.0
1960.0,4,2.5,61,downtown,1,470700.0
1094.0,1,1.0,0,hills,1,348100.0
478.0,1,1.0,60,suburb,1,122000.0
2923.0,5,3.3,48,riverside,0,506700.0
1630.0,4,2.6,6,downtown,1,434300.0
2329.0,2,1.1,39,industrial,2,292900.0
2458.0,5,3.9,55,industrial,1,320000.0
1971.0,3,1.5,70,downtown,0,414300.0
2071.0,3,1.9,85,riverside,2,461500.0
2223.0,3,1.9,54,hills,2,581200.0
2737.0,5,2.5,75,suburb,1,411100.0
2092.0,4,1.9,58,suburb,1,429500.0
2550.0,6,3.9,9,downtown,0,620300.0
1627.0,2,1.6,15,industrial,1,231000.0
1549.0,1,1.0,73,industrial,0,197400.0
1851.0,3,1.1,77,suburb,1,286100.0
2038.0,3,1.7,8,riverside,2,458500.0
2119.0,3,1.9,74,downtown,0,484400.0
2957.0,6,3.9,73,industrial,1,333400.0
2299.0,6,4.2,46,hills,1,597200.0
1839.0,3,2.0,35,hills,1,537700.0
2982.0,3,2.3,59,suburb,2,572300.0
1996.0,4,3.2,7,industrial,1,286900.0
2014.0,3,1.0,24,hills,0,512900.0
2093.0,3,2.3,35,industrial,2,313900.0
1604.0,3,1.6,24,riverside,1,323900.0
1153.0,2,1.5,26,riverside,0,253900.0
1880.0,3,1.9,49,industrial,1,232100.0
1617.0,3,1.3,20,riverside,1,311400.0
1288.0,3,1.4,39,hills,1,293900.0
1872.0,4,2.6,62,hills,1,473500.0
1683.0,4,2.3,11,riverside,0,408200.0
1450.0,1,1.0,8,industrial,0,216000.0
746.0,1,1.0,78,hills,1,228700.0
1701.0,2,2.3,60,suburb,2,252000.0
2845.0,5,2.9,64,downtown,0,608700.0
2328.0,4,3.4,31,suburb,1,465000.0
2443.0,5,2.7,17,downtown,1,553300.0
1789.0,2,1.5,15,riverside,1,362600.0
2428.0,4,3.0,83,suburb,2,419400.0
1402.0,3,1.2,44,riverside,2,323000.0
1530.0,2,1.0,51,riverside,1,339400.0
2109.0,3,2.0,20,suburb,0,369900.0
955.0,2,1.8,42,industrial,1,164400.0
1835.0,4,3.1,29,industrial,2,283700.0
1980.0,2,1.5,77,downtown,1,443300.0
2803.0,6,4.1,24,industrial,0,354500.0
1387.0,2,1.0,9,suburb,2,304000.0
2051.0,3,1.6,60,industrial,2,253600.0
1415.0,3,2.5,8,downtown,2,445000.0
1478.0,2,1.0,14,suburb,1,312500.0
450.0,2,1.1,87,industrial,0,63300.0
1244.0,1,1.0,65,hills,1,297000.0
2485.0,5,2.9,10,industrial,1,350200.0
2109.0,3,1.1,61,suburb,1,357600.0
1895.0,3,2.0,40,riverside,1,434400.0
3265.0,6,4.3,78,suburb,0,461000.0
2123.0,3,2.0,87,suburb,1,325100.0
1068.0,2,1.3,6,riverside,2,293700.0
1682.0,2,1.0,28,industrial,1,256000.0
1768.0,4,2.7,81,hills,0,411700.0
2755.0,4,1.9,83,suburb,1,465300.0
1269.0,1,1.0,26,industrial,1,187900.0
2053.0,3,2.9,14,hills,2,694300.0
2382.0,4,1.8,84,riverside,1,465800.0
1322.0,1,1.0,79,hills,2,308100.0
1855.0,4,1.8,18,hills,2,523900.0
610.0,1,1.2,0,suburb,0,162200.0
1862.0,4,2.3,54,riverside,2,449300.0
496.0,1,1.0,45,suburb,1,130100.0
1574.0,1,1.0,21,industrial,2,225300.0
2823.0,4,3.0,84,downtown,2,568700.0
2046.0,3,2.1,79,hills,1,504900.0
1833.0,3,2.2,70,industrial,2,240400.0
1893.0,4,2.4,0,hills,1,611800.0
3082.0,6,4.1,61,downtown,1,748200.0
2131.0,5,3.7,2,hills,1,554400.0
2421.0,5,3.3,42,industrial,1,265800.0
1544.0,2,1.0,77,hills,1,369600.0
1546.0,3,1.0,69,industrial,2,208300.0
1183.0,1,1.0,54,downtown,2,286700.0
1699.0,3,1.9,64,riverside,0,324400.0
1389.0,1,1.0,13,hills,2,470100.0
2388.0,5,2.5,14,downtown,2,633700.0
2184.0,4,2.4,58,riverside,2,402700.0
1733.0,3,1.4,64,hills,0,434600.0
1481.0,1,1.0,69,hills,0,362400.0
450.0,1,1.1,72,downtown,1,133200.0
1452.0,2,1.5,17,downtown,2,418600.0
1984.0,3,2.2,60,riverside,2,442300.0
2195.0,3,2.3,22,riverside,0,560200.0
450.0,1,1.3,21,suburb,2,149800.0
450.0,1,1.0,66,suburb,1,97500.0
1897.0,4,2.3,35,hills,1,497100.0
1191.0,1,1.0,49,hills,1,351700.0
1674.0,3,1.7,19,hills,1,553800.0
1522.0,3,1.5,34,downtown,2,418800.0
2151.0,3,2.3,33,hills,1,598800.0
701.0,1,1.0,1,hills,2,296900.0
1465.0,4,3.1,36,riverside,1,334500.0
2362.0,3,2.3,9,suburb,1,431500.0
1926.0,3,2.4,72,hills,1,444400.0
1312.0,2,1.5,2,hills,1,436100.0
2072.0,3,1.9,67,downtown,1,484300.0
1972.0,1,1.0,7,riverside,1,440800.0
1276.0,3,1.8,15,suburb,1,246100.0
2213.0,3,1.3,27,industrial,2,293000.0
2203.0,3,2.0,72,downtown,0,452200.0
1725.0,4,2.4,72,riverside,0,349900.0
2361.0,4,1.4,63,downtown,0,493300.0
1108.0,1,1.0,89,industrial,1,141700.0
2257.0,3,1.5,29,riverside,2,523600.0
1689.0,4,2.2,66,suburb,0,311000.0
1247.0,2,1.1,52,downtown,1,285000.0
1450.0,2,1.8,75,industrial,2,191100.0
2495.0,3,1.5,9,industrial,1,303700.0
1474.0,2,1.0,75,industrial,1,203300.0
1597.0,3,2.0,14,downtown,2,409600.0
1415.0,2,1.7,76,industrial,2,212500.0
1333.0,1,1.4,23,industrial,1,189500.0
2374.0,3,1.3,0,riverside,1,556300.0
3116.0,5,2.9,69,hills,1,725700.0
2597.0,6,3.4,17,industrial,0,336000.0
2104.0,3,2.5,16,riverside,1,471400.0
2252.0,2,1.5,79,downtown,1,490100.0
1599.0,3,1.8,24,riverside,1,361000.0
1509.0,2,1.5,87,suburb,1,261000.0
1107.0,1,1.0,46,hills,1,348500.0
2657.0,5,2.9,23,industrial,2,385300.0
1603.0,2,1.2,37,suburb,1,280300.0
1379.0,1,1.0,60,industrial,2,164700.0
1426.0,1,1.0,18,industrial,0,199700.0
1917.0,3,2.0,26,suburb,1,281000.0
1478.0,2,1.3,47,riverside,0,323100.0
1815.0,2,1.9,19,industrial,1,267600.0
1903.0,4,2.8,89,industrial,2,223100.0
2597.0,3,1.8,57,hills,1,671300.0
1068.0,3,1.0,45,riverside,1,235300.0
1979.0,3,1.1,20,downtown,2,548200.0
1392.0,2,1.0,77,industrial,1,164400.0
1550.0,3,1.6,75,riverside,1,294900.0
2764.0,4,1.8,75,hills,2,644300.0
2175.0,3,1.6,22,riverside,2,488300.0
1575.0,4,2.4,13,hills,2,450000.0
2095.0,3,1.5,67,hills,2,640100.0
1793.0,4,2.3,44,suburb,0,303100.0
2463.0,3,1.7,50,downtown,0,619200.0
1516.0,2,1.0,39,industrial,2,210800.0
2094.0,4,2.0,50,downtown,1,475500.0
1682.0,2,1.1,73,downtown,2,370700.0
1811.0,3,1.9,10,downtown,0,423700.0
1714.0,1,1.0,63,downtown,1,403100.0
1437.0,1,1.0,28,downtown,1,402000.0
1868.0,3,1.3,56,suburb,1,320800.0
2386.0,5,3.2,46,suburb,1,388700.0
1446.0,3,1.0,80,industrial,0,172800.0
1576.0,2,1.6,71,riverside,1,303100.0
2023.0,3,1.5,9,suburb,2,312000.0
1359.0,2,1.2,3,riverside,0,322200.0
2321.0,3,1.4,10,downtown,2,502200.0
2224.0,4,2.7,13,industrial,1,292800.0
450.0,2,1.2,43,suburb,0,108500.0
1418.0,3,2.0,73,riverside,1,288500.0
1166.0,1,1.0,58,hills,1,312000.0
2296.0,3,2.1,41,downtown,1,605200.0
2361.0,3,1.0,59,hills,1,622300.0
1096.0,1,1.0,89,downtown,2,295000.0
1399.0,2,1.4,77,downtown,2,342300.0
1758.0,3,1.7,5,downtown,1,465700.0
1587.0,3,2.0,15,riverside,1,427600.0
2232.0,3,1.9,22,downtown,1,512100.0
2385.0,5,3.0,9,riverside,1,540600.0
2156.0,4,2.0,76,downtown,1,481800.0
2452.0,4,2.9,31,downtown,2,615300.0
2360.0,4,2.9,14,hills,0,658800.0
1764.0,3,1.5,62,downtown,2,426400.0
1549.0,1,1.0,2,hills,0,467100.0
1369.0,2,1.3,27,suburb,2,258900.0
2291.0,4,2.0,68,industrial,1,294700.0
2333.0,5,3.0,65,suburb,1,364000.0
2408.0,4,2.8,42,hills,2,703200.0
1613.0,2,1.5,49,hills,1,465500.0
1575.0,2,1.9,77,suburb,0,251200.0
1964.0,4,2.6,26,hills,1,523400.0
2548.0,5,2.5,74,downtown,2,576100.0
2018.0,3,1.4,50,hills,1,539600.0
1940.0,3,2.0,24,downtown,1,426400.0
1319.0,3,2.7,41,riverside,2,302600.0
2069.0,2,1.0,10,suburb,0,389800.0
2125.0,5,2.5,76,downtown,1,468600.0
1246.0,2,1.8,6,hills,1,359200.0
2846.0,5,2.9,72,downtown,1,526100.0
1264.0,2,1.5,43,riverside,0,265000.0
2357.0,4,2.9,20,downtown,1,502000.0
1687.0,3,1.3,11,suburb,1,324000.0
1903.0,3,1.6,19,hills,2,538800.0
1342.0,3,1.5,44,suburb,2,303700.0
1474.0,2,1.4,76,downtown,1,304400.0
2222.0,3,2.1,16,riverside,1,507000.0
1693.0,2,1.0,76,riverside,2,315500.0
1606.0,2,1.4,70,hills,0,359200.0
2333.0,4,1.5,77,suburb,1,367100.0
2229.0,3,1.9,35,suburb,1,364000.0
1906.0,4,2.5,33,suburb,1,401900.0
1945.0,3,1.8,11,downtown,0,471000.0
2826.0,5,2.3,11,hills,1,699300.0
1709.0,4,2.3,55,downtown,0,472200.0
2038.0,3,1.3,49,hills,0,471800.0
2060.0,3,2.5,46,industrial,2,272800.0
981.0,2,1.0,85,riverside,2,212000.0
666.0,2,1.1,30,hills,1,223900.0
1884.0,2,1.1,52,hills,1,503800.0
2321.0,6,3.8,54,riverside,1,535300.0
1928.0,4,2.4,61,hills,2,467500.0
1493.0,1,1.0,86,hills,1,347900.0
1421.0,2,1.0,2,hills,1,415000.0
2289.0,4,2.9,82,suburb,1,336800.0
1633.0,3,1.5,36,downtown,1,363000.0
858.0,2,1.5,13,hills,2,310100.0
2211.0,6,3.7,15,suburb,2,397800.0
1950.0,4,2.9,4,hills,0,560900.0
2034.0,5,2.9,7,hills,2,637900.0
2424.0,5,2.3,43,hills,1,631100.0
2591.0,4,1.8,19,industrial,2,354200.0
2139.0,5,2.9,18,hills,0,535100.0
1706.0,2,1.8,25,hills,2,472500.0
559.0,2,1.0,41,industrial,1,104300.0
1983.0,4,2.4,45,industrial,0,265400.0
1720.0,2,1.8,38,industrial,0,223300.0
2588.0,4,2.1,55,downtown,1,603700.0
2563.0,4,2.5,20,riverside,2,545200.0
2090.0,4,2.5,48,downtown,1,450000.0
2617.0,5,2.7,55,riverside,1,538600.0
1764.0,3,1.9,32,industrial,1,234200.0
1782.0,4,2.9,24,industrial,2,231000.0
1309.0,3,2.3,13,suburb,1,291300.0
1625.0,2,1.0,62,industrial,0,203400.0
1933.0,3,3.1,44,suburb,1,370400.0
2433.0,4,2.5,77,hills,1,572100.0
1374.0,2,1.1,80,hills,2,404000.0
2281.0,4,2.0,74,riverside,0,447200.0
3190.0,6,3.1,80,riverside,1,657800.0
1014.0,2,1.6,6,downtown,2,308700.0
1656.0,4,1.0,82,industrial,1,195300.0
1820.0,2,1.1,89,hills,2,494700.0
2402.0,3,1.1,80,suburb,2,387800.0
2982.0,4,2.3,84,suburb,2,481400.0
2537.0,3,1.8,51,downtown,0,619800.0
1786.0,3,1.2,6,downtown,0,479000.0
1306.0,2,1.0,46,downtown,1,329100.0
1775.0,3,2.4,75,downtown,2,489500.0
1785.0,3,1.5,19,hills,2,458200.0
1952.0,5,3.0,32,industrial,1,268500.0
1280.0,1,1.0,67,hills,1,319400.0
2709.0,4,2.8,36,downtown,1,702900.0
1381.0,2,1.8,52,hills,1,429700.0
2210.0,3,2.2,10,suburb,0,378000.0
1934.0,4,2.6,36,suburb,2,367200.0
1160.0,2,1.4,29,downtown,2,355600.0
1847.0,4,1.8,5,downtown,1,493900.0
1819.0,2,1.8,18,suburb,0,333800.0
1696.0,4,2.1,16,hills,1,526800.0
2284.0,6,3.2,28,suburb,2,492800.0
1527.0,2,1.0,61,industrial,1,198200.0
3312.0,5,2.6,3,downtown,2,723900.0
2475.0,4,2.6,46,suburb,2,431300.0
1266.0,3,2.1,1,riverside,2,340900.0
450.0,1,1.2,69,suburb,1,99900.0
2549.0,5,2.9,31,downtown,1,635500.0
1955.0,4,2.1,10,hills,2,600900.0
1855.0,3,1.6,7,riverside,2,465300.0
1229.0,1,1.0,60,industrial,2,180100.0
954.0,1,1.0,10,industrial,2,171500.0
703.0,1,1.5,79,downtown,1,169300.0
3326.0,6,3.2,2,hills,1,847500.0
2756.0,4,2.2,2,suburb,1,457500.0
1479.0,2,1.5,70,downtown,2,367600.0
2917.0,5,3.1,87,hills,0,673300.0
708.0,1,1.0,63,suburb,0,129900.0
2220.0,4,2.0,5,hills,2,655000.0
2223.0,4,1.9,49,industrial,2,286300.0
1296.0,3,2.4,65,suburb,1,258900.0
1535.0,3,1.5,30,industrial,0,224100.0
1187.0,1,1.0,48,hills,1,308800.0
1830.0,3,1.9,85,suburb,2,343000.0
2584.0,5,2.1,27,hills,0,635500.0
2395.0,4,2.3,84,industrial,0,264200.0
2052.0,5,2.7,31,riverside,2,450500.0
2468.0,4,2.6,58,downtown,1,507700.0
745.0,2,1.0,3,riverside,0,215000.0
3004.0,4,1.3,24,industrial,1,413000.0
1774.0,3,2.2,68,suburb,2,281400.0
1022.0,1,1.0,80,downtown,2,263100.0
1576.0,2,1.0,1,riverside,1,386400.0
1417.0,1,1.0,55,downtown,2,371900.0
1859.0,3,1.5,86,downtown,1,422900.0
1989.0,4,2.4,61,industrial,0,255400.0
450.0,1,1.0,87,riverside,1,103600.0
2553.0,3,1.4,73,hills,1,652100.0
2831.0,4,2.1,75,downtown,2,641500.0
1187.0,3,2.1,41,suburb,2,263200.0
2681.0,3,2.0,11,downtown,2,666600.0
2552.0,5,3.3,57,suburb,2,436600.0
2406.0,3,1.9,55,industrial,1,299700.0
2774.0,5,2.9,4,downtown,1,701800.0
975.0,2,1.0,73,downtown,0,237400.0
2235.0,5,2.8,89,hills,1,469900.0
1200.0,2,1.6,36,suburb,2,225200.0
3214.0,5,3.7,67,downtown,0,613100.0
1223.0,1,1.5,38,industrial,0,162400.0
1072.0,3,1.3,58,suburb,1,190900.0
2472.0,4,2.3,71,downtown,1,553400.0
2173.0,3,1.8,89,industrial,1,252400.0
1819.0,3,1.7,1,riverside,1,463900.0
1884.0,3,1.3,87,suburb,0,274300.0
2168.0,4,3.4,33,riverside,2,461800.0
2833.0,6,4.3,0,riverside,1,586000.0
1377.0,1,1.0,75,riverside,0,257100.0
1467.0,3,1.6,82,hills,2,390300.0
1457.0,2,1.2,72,hills,2,373600.0
1758.0,3,1.2,53,suburb,0,270600.0
1809.0,3,1.6,83,riverside,2,330700.0
1033.0,2,1.5,12,industrial,0,163300.0
1983.0,4,3.2,78,industrial,1,242100.0
1046.0,2,1.6,40,suburb,1,196100.0
1616.0,2,1.8,18,hills,2,472800.0
1653.0,3,1.3,71,riverside,2,354700.0
1656.0,3,1.0,83,downtown,2,438900.0
2688.0,5,3.6,82,hills,2,766100.0
2781.0,5,3.1,22,riverside,0,532900.0
2446.0,4,2.3,29,suburb,0,401100.0
2749.0,5,3.8,49,downtown,0,534400.0
1630.0,2,1.0,33,hills,1,380900.0
2644.0,6,3.1,51,suburb,0,379300.0
1770.0,2,1.0,9,hills,1,531500.0
1938.0,2,1.9,60,industrial,0,235700.0
1964.0,4,2.8,38,hills,1,477400.0
1001.0,3,1.0,55,downtown,1,243300.0
1436.0,3,2.6,15,riverside,1,338100.0
1706.0,4,2.4,20,suburb,1,310600.0
2020.0,4,2.6,18,riverside,2,519300.0
1725.0,3,1.4,78,downtown,1,329700.0
1290.0,2,2.1,19,suburb,1,255500.0
1107.0,2,1.4,13,industrial,1,180100.0
1806.0,3,2.4,70,hills,2,498900.0
1092.0,3,1.3,66,downtown,1,226900.0
1095.0,3,2.1,6,hills,0,354200.0
1739.0,3,1.8,0,riverside,1,369600.0
1907.0,3,1.7,82,downtown,2,415000.0
1303.0,2,1.0,80,riverside,1,230800.0
733.0,1,1.0,68,suburb,0,138400.0
1972.0,3,1.2,79,industrial,1,300500.0
2291.0,3,1.5,85,suburb,2,402800.0
1556.0,3,1.8,23,downtown,2,408600.0
1575.0,2,1.5,32,industrial,2,199400.0
450.0,1,1.0,49,downtown,2,181600.0
2341.0,4,1.9,51,hills,2,666800.0
1144.0,3,1.5,43,industrial,2,161700.0
2232.0,2,1.0,61,industrial,2,302600.0
1447.0,2,1.0,83,downtown,1,277900.0
1715.0,4,2.3,0,suburb,1,308500.0
1688.0,2,1.1,26,riverside,2,388900.0
722.0,1,1.0,68,riverside,1,152100.0
3450.0,6,4.0,6,industrial,1,478300.0
862.0,1,1.0,12,industrial,2,175100.0
1866.0,3,1.9,35,suburb,1,337300.0
1313.0,4,2.7,66,industrial,0,179900.0
1658.0,4,2.0,27,suburb,1,352300.0
2626.0,5,2.5,53,suburb,2,469500.0
682.0,1,1.0,23,industrial,1,136200.0
1715.0,3,2.0,74,industrial,2,252400.0
2096.0,4,3.4,69,industrial,0,241400.0
1872.0,3,1.7,29,industrial,2,311000.0
2038.0,5,2.5,34,industrial,1,301300.0
1350.0,3,1.9,65,industrial,1,183700.0
816.0,1,1.0,12,hills,2,324400.0
1013.0,2,1.0,66,riverside,1,227000.0
1555.0,4,3.0,16,riverside,1,382900.0
2245.0,4,3.3,60,suburb,1,359300.0
1848.0,2,1.4,78,suburb,1,292300.0
2762.0,4,2.1,34,riverside,2,562300.0
1860.0,3,1.9,41,hills,1,540600.0
1916.0,3,1.8,11,hills,2,576300.0
1920.0,3,1.1,18,riverside,2,445900.0
761.0,1,1.0,57,riverside,1,183400.0
2146.0,4,2.5,42,riverside,2,515200.0
1134.0,3,2.4,63,suburb,0,170000.0
1572.0,2,1.0,9,riverside,1,339100.0
3206.0,4,2.4,41,hills,1,856900.0
1058.0,2,1.1,43,downtown,2,286700.0
1871.0,3,1.0,51,riverside,1,401900.0
1975.0,4,3.6,21,industrial,1,318900.0
1877.0,3,1.0,58,downtown,2,469500.0
1802.0,3,1.2,34,suburb,0,276900.0
1465.0,2,1.0,54,suburb,1,253700.0
2995.0,6,2.8,83,industrial,1,327800.0
596.0,2,1.4,0,industrial,0,123500.0
1184.0,1,1.0,43,hills,2,384000.0
2690.0,2,1.2,3,industrial,2,355400.0
2129.0,3,1.9,66,hills,2,571800.0
1341.0,2,1.2,27,downtown,0,329100.0
1261.0,2,1.2,29,suburb,2,299400.0
1651.0,3,1.7,15,industrial,1,240000.0
3384.0,6,3.8,17,hills,1,893800.0
2096.0,6,4.0,49,industrial,1,297400.0
1181.0,2,1.1,31,suburb,2,265400.0
1943.0,3,1.6,31,hills,2,569000.0
1424.0,3,1.6,19,industrial,1,209900.0
2699.0,3,1.9,53,suburb,2,459800.0
1976.0,4,2.2,45,suburb,2,375200.0
2556.0,4,2.2,21,downtown,1,633500.0
1897.0,2,1.0,60,industrial,2,239800.0
3023.0,4,3.3,71,suburb,1,472500.0
2047.0,4,1.8,23,downtown,0,474700.0
1968.0,4,3.2,28,riverside,1,457300.0
1188.0,3,2.2,63,industrial,1,161700.0
1547.0,3,2.3,25,downtown,2,388900.0
2034.0,3,1.9,46,riverside,2,428300.0
1502.0,3,2.0,69,industrial,0,181300.0
3293.0,5,3.1,71,hills,1,834400.0
1793.0,5,3.3,22,riverside,0,387000.0
1343.0,1,1.0,68,hills,2,354100.0
2393.0,5,3.7,12,downtown,0,673200.0
1482.0,3,1.3,84,industrial,2,198600.0
2044.0,4,2.6,62,riverside,0,379700.0
1744.0,3,2.6,61,hills,2,526900.0
1368.0,2,1.9,84,downtown,1,305800.0
2633.0,4,1.9,5,industrial,2,338200.0
1855.0,2,1.3,42,downtown,2,478500.0
2453.0,6,3.7,30,hills,2,611100.0
1597.0,3,1.9,44,riverside,0,334400.0
944.0,2,1.0,35,riverside,2,259400.0
1054.0,2,1.6,13,hills,2,385500.0
1489.0,1,1.0,78,industrial,1,177400.0
1690.0,3,2.9,40,hills,1,458100.0
1833.0,3,2.1,78,hills,1,456100.0
2108.0,5,3.0,59,hills,1,602500.0
1054.0,1,1.0,19,hills,0,274300.0
1938.0,4,2.5,48,riverside,2,455100.0
1069.0,2,1.0,80,industrial,1,141200.0
1390.0,2,1.2,45,downtown,1,382200.0
3339.0,5,3.2,37,downtown,2,710500.0
2564.0,5,2.6,10,downtown,1,679000.0
1582.0,3,2.1,60,downtown,2,370800.0
2875.0,3,2.3,47,hills,1,735300.0
2651.0,5,3.5,60,hills,1,653800.0
2334.0,6,4.2,19,downtown,1,488500.0
2681.0,4,3.0,38,suburb,1,461200.0
1651.0,4,2.7,22,hills,2,515400.0
1725.0,2,1.8,50,downtown,1,441000.0
1284.0,2,1.2,20,hills,1,366200.0
2150.0,5,3.2,42,suburb,2,363700.0
1048.0,2,1.9,18,riverside,1,290500.0
1498.0,4,3.3,61,downtown,1,367100.0
2075.0,4,2.2,69,riverside,1,452100.0
1497.0,3,1.1,74,industrial,2,219800.0
2008.0,3,2.8,81,downtown,1,445500.0
2895.0,6,4.2,48,downtown,1,664500.0
1209.0,4,3.3,21,hills,1,374200.0
2642.0,5,3.4,79,downtown,1,503000.0
1390.0,2,1.3,25,hills,2,421600.0
1239.0,2,1.0,45,riverside,1,293600.0
1935.0,3,1.3,7,downtown,2,544300.0
2417.0,5,3.7,4,suburb,2,464700.0
1372.0,3,2.3,77,industrial,1,208700.0
1363.0,2,1.4,53,downtown,0,306100.0
1536.0,3,1.3,14,downtown,2,417200.0
1368.0,2,1.0,29,riverside,1,300200.0
1913.0,5,2.7,41,industrial,2,260600.0
1373.0,3,1.7,66,riverside,2,300400.0
1647.0,4,1.0,83,industrial,0,180800.0
2012.0,3,1.9,25,suburb,1,353400.0
1550.0,2,2.0,14,hills,1,468800.0
2492.0,3,1.5,57,hills,1,620400.0
1394.0,3,1.8,35,hills,0,354400.0
1337.0,1,1.0,17,downtown,2,387400.0
3023.0,6,3.1,7,hills,1,753100.0
2704.0,5,3.2,58,riverside,0,551100.0
1843.0,4,2.0,69,industrial,0,226800.0
2298.0,3,1.6,54,industrial,1,249500.0
2004.0,3,1.9,76,downtown,1,412500.0
1494.0,3,1.8,62,suburb,2,297600.0
2206.0,4,2.5,72,industrial,0,254200.0
1983.0,2,1.0,2,hills,1,524600.0
2569.0,5,3.4,66,downtown,2,580800.0
694.0,1,1.0,40,suburb,1,157200.0
2284.0,5,3.4,36,industrial,0,312500.0
1900.0,3,1.6,67,suburb,0,299900.0
1388.0,2,1.0,1,hills,2,501300.0
1543.0,3,1.8,40,suburb,0,262600.0
1557.0,4,1.9,69,downtown,1,352300.0
1006.0,2,1.0,26,downtown,1,279900.0
1456.0,4,2.3,76,hills,1,387000.0
2270.0,3,2.2,67,suburb,0,408900.0
890.0,2,1.6,80,industrial,1,146800.0
1574.0,2,1.4,60,suburb,1,267200.0
450.0,1,1.0,28,downtown,1,170900.0
1455.0,2,1.0,39,industrial,1,210100.0
2035.0,4,2.3,67,riverside,1,409800.0
1770.0,4,2.3,75,industrial,0,231400.0
1826.0,2,1.1,35,hills,1,448700.0
1129.0,1,1.0,61,hills,1,328700.0
2142.0,4,2.2,52,suburb,2,322700.0
1258.0,3,2.2,89,riverside,1,270600.0
2345.0,4,1.8,63,riverside,0,474500.0
1927.0,3,1.8,59,downtown,2,557600.0
1570.0,3,2.4,13,hills,1,438300.0
2692.0,4,2.0,86,hills,0,653200.0
1563.0,3,1.3,20,downtown,2,439400.0
2415.0,3,1.7,66,riverside,1,441200.0
1863.0,4,2.2,82,downtown,1,425400.0
1800.0,4,2.5,40,industrial,2,240400.0
2401.0,4,3.1,62,industrial,2,288300.0
2063.0,3,1.7,0,riverside,0,400800.0
1796.0,4,2.7,53,hills,2,493600.0
1729.0,3,1.5,66,downtown,2,380700.0
1927.0,4,2.2,86,riverside,2,335400.0
1852.0,3,2.0,38,riverside,1,409900.0
1604.0,2,1.0,76,downtown,0,298800.0
1178.0,2,1.8,77,downtown,1,297700.0
450.0,1,1.0,7,downtown,1,195000.0
1733.0,3,1.7,79,industrial,1,202400.0
1655.0,1,1.0,33,riverside,1,318500.0
2529.0,5,2.8,74,downtown,0,508700.0
2070.0,5,2.5,6,suburb,2,363300.0
2485.0,5,2.8,49,riverside,1,496400.0
2842.0,4,1.5,0,industrial,0,354200.0
1736.0,3,1.8,56,downtown,1,495600.0
1296.0,3,2.7,38,industrial,2,173400.0
2291.0,4,1.5,57,riverside,0,422800.0
1443.0,2,2.1,14,hills,1,455800.0
1648.0,4,2.4,40,downtown,1,448100.0
2664.0,5,3.4,6,hills,1,806900.0
2132.0,4,1.9,36,industrial,0,252400.0
2459.0,4,3.4,15,hills,1,717400.0
991.0,2,1.0,88,hills,2,215700.0
1822.0,3,1.8,43,downtown,1,430600.0
2472.0,4,3.2,0,industrial,1,368000.0
1032.0,1,1.0,56,hills,2,326900.0
1920.0,4,1.3,78,suburb,1,279300.0
2044.0,4,2.4,12,suburb,1,358500.0
450.0,1,1.0,11,suburb,1,117700.0
2759.0,5,2.5,4,downtown,2,642300.0
1373.0,3,1.4,10,riverside,1,299000.0
1718.0,2,1.0,78,suburb,2,297600.0
2809.0,6,4.3,69,downtown,1,602300.0
728.0,1,1.2,27,downtown,1,241500.0
2080.0,3,1.1,1,hills,2,587100.0
1533.0,2,1.2,8,hills,1,438200.0
1828.0,3,1.6,59,riverside,1,430700.0
1310.0,2,1.7,15,downtown,0,377500.0
2620.0,4,2.0,21,hills,1,617500.0
1129.0,1,1.4,67,industrial,0,160900.0
2019.0,4,2.4,77,suburb,2,369400.0
2127.0,4,2.0,25,downtown,1,571800.0
1747.0,2,1.2,50,downtown,1,424400.0
1638.0,5,2.7,26,hills,1,413400.0
1643.0,3,2.9,20,hills,0,453500.0
2416.0,4,2.5,25,riverside,2,437600.0
2073.0,4,2.2,52,industrial,1,241200.0
1753.0,3,1.9,16,suburb,2,326600.0
1147.0,3,2.5,65,riverside,2,305300.0
1897.0,4,1.9,34,suburb,1,343100.0
2122.0,4,1.6,76,riverside,1,420500.0
1783.0,2,1.9,63,hills,0,468000.0
2664.0,5,3.3,1,suburb,1,454000.0
656.0,1,1.0,68,suburb,1,143700.0
3298.0,6,3.6,83,suburb,1,537600.0
1692.0,3,2.4,23,suburb,1,300500.0
1118.0,2,1.0,74,hills,1,279600.0
755.0,1,1.2,57,downtown,2,221400.0
2323.0,4,2.3,20,riverside,1,523800.0
2146.0,3,2.1,9,downtown,1,597400.0
1672.0,2,1.2,54,industrial,1,212300.0
1773.0,3,3.3,5,hills,0,506200.0
1904.0,3,1.5,47,hills,2,591800.0
1548.0,2,1.8,23,suburb,2,397100.0
2495.0,5,1.7,54,downtown,0,624300.0
2178.0,4,2.4,48,industrial,0,278700.0
1730.0,1,1.0,21,suburb,2,320900.0
819.0,1,1.0,77,riverside,1,189400.0
2625.0,5,2.0,83,hills,1,639700.0
1516.0,3,1.9,50,downtown,2,365800.0
1182.0,2,1.7,63,suburb,1,242000.0
2577.0,5,3.6,55,downtown,1,727600.0
2102.0,3,1.5,50,hills,2,519100.0
594.0,1,1.0,49,industrial,2,103800.0
805.0,1,1.0,85,hills,1,205300.0
1565.0,2,2.1,9,hills,0,407400.0
1049.0,1,1.0,33,hills,1,338100.0
1711.0,2,1.8,42,hills,2,430100.0
3373.0,5,2.9,48,hills,1,878200.0
3592.0,6,3.4,9,downtown,0,842900.0
1779.0,2,2.0,56,riverside,1,396200.0
2285.0,5,2.6,31,hills,2,558800.0
2339.0,4,3.0,55,riverside,1,488200.0
1733.0,4,2.2,7,downtown,1,466700.0
918.0,2,1.0,30,suburb,2,221300.0
2450.0,3,1.4,35,downtown,1,579600.0
1698.0,4,3.0,53,downtown,1,400600.0
2077.0,2,1.2,28,downtown,1,539800.0
2230.0,5,2.8,38,industrial,1,330800.0
1320.0,2,1.0,43,riverside,1,326000.0
2818.0,4,3.0,65,hills,2,675100.0
1850.0,1,1.1,89,suburb,1,304500.0
1940.0,3,2.0,32,riverside,2,404800.0
1545.0,2,1.6,67,suburb,2,275100.0
2232.0,5,1.4,40,hills,2,627200.0
2413.0,3,1.5,22,downtown,2,522200.0
1471.0,2,1.3,53,downtown,2,460800.0
2157.0,4,2.5,21,industrial,1,324900.0
1544.0,3,1.5,16,riverside,1,337700.0
1066.0,2,1.3,18,industrial,1,162400.0
1608.0,2,1.0,49,industrial,1,210400.0
2172.0,4,2.1,38,downtown,2,524700.0
2138.0,3,1.2,79,riverside,1,372400.0
2454.0,5,3.1,89,riverside,1,472300.0
1401.0,1,1.0,62,industrial,0,153900.0
1624.0,3,1.5,80,downtown,2,361200.0
1850.0,2,1.9,45,downtown,1,509800.0
2179.0,3,1.8,47,downtown,1,501600.0
1736.0,3,1.8,11,industrial,1,242000.0
1235.0,3,1.0,45,hills,1,391700.0
875.0,1,1.0,51,suburb,1,179100.0
2515.0,4,2.9,24,hills,1,704400.0
2449.0,3,2.1,37,hills,1,604900.0
1407.0,3,1.8,21,suburb,1,303600.0
2696.0,4,2.3,33,industrial,2,346400.0
1769.0,4,2.4,36,downtown,1,472400.0
2081.0,3,2.0,64,riverside,1,441800.0
2566.0,3,1.6,23,riverside,1,609700.0
1519.0,3,1.0,87,suburb,0,251600.0
1341.0,1,1.6,68,downtown,2,335100.0
763.0,2,1.8,46,industrial,1,116500.0
1991.0,4,2.3,37,hills,2,540800.0
2079.0,5,3.7,16,suburb,0,363800.0
2328.0,3,1.1,38,industrial,1,334000.0
2172.0,5,3.6,61,hills,1,549700.0
1872.0,4,2.5,84,industrial,0,187300.0
2500.0,3,2.2,40,riverside,2,544400.0
1191.0,4,2.2,38,downtown,1,345100.0
2043.0,5,3.1,76,riverside,2,400300.0
2118.0,3,2.1,48,industrial,1,291000.0
1736.0,3,2.3,67,hills,1,406400.0
2848.0,4,2.7,65,industrial,1,357000.0
2073.0,3,2.0,32,industrial,0,264900.0
2621.0,5,2.7,6,suburb,1,484100.0
2349.0,4,3.3,74,industrial,1,305600.0
1701.0,2,1.3,28,industrial,1,221900.0
2974.0,5,2.9,48,hills,2,815300.0
2478.0,3,1.6,22,hills,1,621700.0
1821.0,3,1.2,63,industrial,2,240600.0
1738.0,3,1.4,72,riverside,1,389000.0
1186.0,2,1.0,5,downtown,1,313300.0
1719.0,4,2.5,84,hills,1,436100.0
1667.0,3,1.8,24,suburb,1,356600.0
1936.0,4,2.5,87,riverside,2,438300.0
1555.0,3,1.2,77,riverside,1,293500.0
2154.0,3,1.6,69,riverside,1,404100.0
1760.0,3,1.5,1,riverside,0,411000.0
858.0,1,1.1,12,riverside,1,226100.0
1505.0,2,1.0,61,industrial,1,195700.0
1268.0,2,1.0,76,hills,2,306000.0
1042.0,2,1.8,83,industrial,0,136700.0
1657.0,2,1.4,22,downtown,0,354700.0
2361.0,3,1.0,75,riverside,2,468600.0
1136.0,2,1.9,0,riverside,0,306600.0
603.0,1,1.3,13,industrial,0,107100.0
1713.0,3,2.4,81,suburb,0,244700.0
3611.0,5,2.0,11,suburb,1,548000.0
1455.0,1,1.0,68,industrial,1,159500.0
1974.0,2,1.0,33,hills,2,618400.0
1563.0,4,2.3,55,downtown,0,314500.0
2328.0,3,1.0,5,downtown,1,505800.0
2679.0,4,3.3,26,industrial,0,354900.0
1715.0,2,1.0,55,industrial,2,230200.0
2524.0,5,3.1,32,suburb,1,482800.0
1158.0,1,1.0,59,riverside,0,264400.0
1937.0,4,2.7,1,downtown,0,509800.0
1047.0,1,1.0,61,industrial,2,153000.0
1925.0,3,1.6,59,downtown,1,422100.0
1442.0,3,1.9,74,suburb,2,258200.0
1956.0,4,2.3,15,downtown,0,515900.0
1137.0,1,1.0,28,suburb,1,238900.0
1951.0,3,2.3,13,riverside,1,462900.0
1880.0,3,1.5,1,suburb,0,302100.0
1469.0,1,1.0,75,hills,1,345900.0
1329.0,3,1.6,16,suburb,2,265600.0
1098.0,2,1.0,41,downtown,1,276000.0
1574.0,3,1.2,73,downtown,1,326900.0
2055.0,2,1.0,52,suburb,1,364300.0
1733.0,3,2.0,13,hills,1,543000.0
1907.0,4,3.0,38,downtown,1,547300.0
2577.0,5,3.0,9,riverside,1,536900.0
1619.0,2,1.0,25,suburb,2,308900.0
1991.0,4,3.1,61,riverside,0,407200.0
2313.0,5,2.8,43,suburb,2,416200.0
2124.0,3,1.0,54,suburb,2,342000.0
2047.0,3,1.0,1,downtown,1,542500.0
1862.0,3,1.9,82,riverside,1,312100.0
2976.0,4,3.1,12,industrial,2,386400.0
1769.0,3,1.6,73,riverside,0,292000.0
1581.0,4,2.1,46,hills,0,438600.0
2171.0,3,1.7,78,downtown,1,424300.0
2800.0,5,2.6,47,industrial,1,321800.0
2667.0,5,2.7,81,suburb,1,429700.0
1835.0,4,2.5,50,hills,1,452600.0
2317.0,4,2.0,1,downtown,1,585500.0
2116.0,3,2.3,41,downtown,1,487800.0
1860.0,3,1.3,85,suburb,2,362600.0
2208.0,4,2.8,76,downtown,2,465100.0
2188.0,4,2.6,23,riverside,1,446900.0
1900.0,3,1.6,0,hills,0,549100.0
2854.0,5,2.8,8,industrial,1,382800.0
1588.0,1,1.0,59,suburb,2,295200.0
2655.0,5,3.8,81,suburb,0,416600.0
3080.0,5,2.6,22,downtown,2,785800.0
3089.0,5,3.6,26,industrial,1,412700.0
1980.0,3,2.3,61,downtown,2,528300.0
1705.0,3,1.6,12,hills,2,454500.0
853.0,1,1.4,56,suburb,1,175400.0
1781.0,3,1.0,50,industrial,2,234800.0
3286.0,5,3.1,37,downtown,2,786400.0
872.0,2,1.3,74,industrial,2,121000.0
885.0,2,1.2,5,hills,2,351800.0
2320.0,5,3.4,29,industrial,0,275100.0
2188.0,3,1.6,50,downtown,1,537800.0
717.0,1,1.0,77,downtown,2,207200.0
1781.0,3,2.4,19,suburb,1,293800.0
2021.0,3,1.7,87,hills,1,501300.0
903.0,2,1.0,18,riverside,2,218000.0
2394.0,5,3.3,48,suburb,2,449400.0
1017.0,2,1.2,65,downtown,2,237400.0
2497.0,5,2.7,20,suburb,2,454700.0
1938.0,4,2.7,73,hills,2,501700.0
1396.0,1,1.0,26,downtown,0,301600.0
847.0,2,1.0,5,downtown,1,233300.0
1610.0,2,1.1,15,downtown,1,429400.0
1758.0,2,1.1,58,downtown,1,388400.0
1737.0,2,1.2,39,hills,2,525800.0
1458.0,2,1.0,56,riverside,2,320400.0
1688.0,4,3.3,35,suburb,1,403600.0
2340.0,4,2.7,20,riverside,0,499700.0
1267.0,2,1.3,26,hills,1,432900.0
1689.0,3,1.9,5,suburb,2,352600.0
2091.0,3,1.0,36,suburb,1,363300.0
1801.0,3,2.3,3,hills,1,551400.0
2335.0,4,1.9,23,hills,0,565900.0
2750.0,3,2.0,37,hills,0,645000.0
1601.0,2,1.0,77,hills,0,430300.0
1944.0,6,4.1,47,suburb,2,366800.0
450.0,1,1.0,82,suburb,1,84800.0
1605.0,3,1.7,89,industrial,1,205000.0
2217.0,4,3.2,39,industrial,2,287000.0
1139.0,1,1.1,11,riverside,1,290000.0
2614.0,4,1.7,10,hills,2,776000.0
680.0,2,1.0,67,downtown,2,222000.0
2626.0,3,1.9,26,riverside,1,629800.0
1502.0,2,1.1,28,suburb,0,296500.0
1198.0,2,1.6,61,hills,2,368100.0
1520.0,2,1.0,4,downtown,1,422200.0
1652.0,2,1.0,88,hills,2,423700.0
