date,store_id,sales,promo,day_of_week
2024-01-01,store_1,108.88,0,Monday
2024-01-02,store_1,114.72,0,Tuesday
2024-01-03,store_1,136.67,0,Wednesday
2024-01-04,store_1,94.35,0,Thursday
2024-01-05,store_1,111.35,0,Friday
2024-01-06,store_1,158.18,1,Saturday
2024-01-07,store_1,79.03,0,Sunday
2024-01-08,store_1,97.68,0,Monday
2024-01-09,store_1,114.55,0,Tuesday
2024-01-10,store_1,126.32,0,Wednesday
2024-01-11,store_1,109.35,0,Thursday
2024-01-12,store_1,110.63,0,Friday
2024-01-13,store_1,109.92,0,Saturday
2024-01-14,store_1,75.31,0,Sunday
2024-01-15,store_1,139.08,1,Monday
2024-01-16,store_1,122.4,0,Tuesday
2024-01-17,store_1,112.01,0,Wednesday
2024-01-18,store_1,121.86,0,Thursday
2024-01-19,store_1,134.88,0,Friday
2024-01-20,store_1,122.37,0,Saturday
2024-01-21,store_1,62.95,0,Sunday
2024-01-22,store_1,110.7,0,Monday
2024-01-23,store_1,124.63,0,Tuesday
2024-01-24,store_1,117.24,0,Wednesday
2024-01-25,store_1,103.09,0,Thursday
2024-01-26,store_1,125.27,0,Friday
2024-01-27,store_1,121.3,0,Saturday
2024-01-28,store_1,84.39,0,Sunday
2024-01-29,store_1,108.62,0,Monday
2024-01-30,store_1,166.22,1,Tuesday
2024-01-31,store_1,124.97,0,Wednesday
2024-02-01,store_1,110.96,0,Thursday
2024-02-02,store_1,127.18,0,Friday
2024-02-03,store_1,107.76,0,Saturday
2024-02-04,store_1,91.88,0,Sunday
2024-02-05,store_1,113.74,0,Monday
2024-02-06,store_1,121.85,0,Tuesday
2024-02-07,store_1,124.11,0,Wednesday
2024-02-08,store_1,151.07,1,Thursday
2024-02-09,store_1,133.14,0,Friday
2024-02-10,store_1,147.25,1,Saturday
2024-02-11,store_1,97.61,0,Sunday
2024-02-12,store_1,145.58,1,Monday
2024-02-13,store_1,117.57,0,Tuesday
2024-02-14,store_1,133.87,0,Wednesday
2024-02-15,store_1,122.37,0,Thursday
2024-02-16,store_1,130.18,0,Friday
2024-02-17,store_1,113.72,0,Saturday
2024-02-18,store_1,86.77,0,Sunday
2024-02-19,store_1,106.41,0,Monday
2024-02-20,store_1,162.84,1,Tuesday
2024-02-21,store_1,124.5,0,Wednesday
2024-02-22,store_1,153.41,1,Thursday
2024-02-23,store_1,130.73,0,Friday
2024-02-24,store_1,124.89,0,Saturday
2024-02-25,store_1,98.22,0,Sunday
2024-02-26,store_1,114.93,0,Monday
2024-02-27,store_1,138.9,0,Tuesday
2024-02-28,store_1,125.21,0,Wednesday
2024-02-29,store_1,124.22,0,Thursday
2024-03-01,store_1,173.49,1,Friday
2024-03-02,store_1,121.7,0,Saturday
2024-03-03,store_1,78.33,0,Sunday
2024-03-04,store_1,105.56,0,Monday
2024-03-05,store_1,128.91,0,Tuesday
2024-03-06,store_1,126.15,0,Wednesday
2024-03-07,store_1,113.61,0,Thursday
2024-03-08,store_1,115.7,0,Friday
2024-03-09,store_1,111.93,0,Saturday
2024-03-10,store_1,100.82,0,Sunday
2024-03-11,store_1,147.09,1,Monday
2024-03-12,store_1,127.35,0,Tuesday
2024-03-13,store_1,118.27,0,Wednesday
2024-03-14,store_1,117.99,0,Thursday
2024-03-15,store_1,129.28,0,Friday
2024-03-16,store_1,110.28,0,Saturday
2024-03-17,store_1,94.98,0,Sunday
2024-03-18,store_1,153.54,1,Monday
2024-03-19,store_1,104.71,0,Tuesday
2024-03-20,store_1,171.61,1,Wednesday
2024-03-21,store_1,125.91,0,Thursday
2024-03-22,store_1,156.46,1,Friday
2024-03-23,store_1,113.45,0,Saturday
2024-03-24,store_1,96.06,0,Sunday
2024-03-25,store_1,104.29,0,Monday
2024-03-26,store_1,121.87,0,Tuesday
2024-03-27,store_1,132.31,0,Wednesday
2024-03-28,store_1,103.37,0,Thursday
2024-03-29,store_1,132.25,0,Friday
2024-03-30,store_1,154.01,1,Saturday
2024-03-31,store_1,80.44,0,Sunday
2024-04-01,store_1,99.86,0,Monday
2024-04-02,store_1,127.41,0,Tuesday
2024-04-03,store_1,133.59,0,Wednesday
2024-04-04,store_1,105.78,0,Thursday
2024-04-05,store_1,131.96,0,Friday
2024-04-06,store_1,145.14,1,Saturday
2024-04-07,store_1,97.54,0,Sunday
2024-04-08,store_1,111.83,0,Monday
2024-04-09,store_1,126.48,0,Tuesday
2024-04-10,store_1,129.23,0,Wednesday
2024-04-11,store_1,154.82,1,Thursday
2024-04-12,store_1,138.93,0,Friday
2024-04-13,store_1,124.85,0,Saturday
2024-04-14,store_1,83.36,0,Sunday
2024-04-15,store_1,157.7,1,Monday
2024-04-16,store_1,132.12,0,Tuesday
2024-04-17,store_1,129.89,0,Wednesday
2024-04-18,store_1,163.72,1,Thursday
2024-04-19,store_1,127.77,0,Friday
2024-04-20,store_1,136.63,0,Saturday
2024-04-21,store_1,96.49,0,Sunday
2024-04-22,store_1,115.8,0,Monday
2024-04-23,store_1,135.73,0,Tuesday
2024-04-24,store_1,123.16,0,Wednesday
2024-04-25,store_1,121.65,0,Thursday
2024-04-26,store_1,130.64,0,Friday
2024-04-27,store_1,131.06,0,Saturday
2024-04-28,store_1,90.03,0,Sunday
2024-04-29,store_1,110.34,0,Monday
2024-04-30,store_1,148.51,0,Tuesday
2024-05-01,store_1,147.23,0,Wednesday
2024-05-02,store_1,167.47,1,Thursday
2024-05-03,store_1,144.27,0,Friday
2024-05-04,store_1,131.25,0,Saturday
2024-05-05,store_1,94.09,0,Sunday
2024-05-06,store_1,165.57,1,Monday
2024-05-07,store_1,129.91,0,Tuesday
2024-05-08,store_1,131.64,0,Wednesday
2024-05-09,store_1,118.65,0,Thursday
2024-05-10,store_1,162.19,1,Friday
2024-05-11,store_1,157.78,1,Saturday
2024-05-12,store_1,94.19,0,Sunday
2024-05-13,store_1,111.76,0,Monday
2024-05-14,store_1,131.61,0,Tuesday
2024-05-15,store_1,130.68,0,Wednesday
2024-05-16,store_1,159.35,1,Thursday
2024-05-17,store_1,152.47,0,Friday
2024-05-18,store_1,129.81,0,Saturday
2024-05-19,store_1,89.73,0,Sunday
2024-05-20,store_1,118.37,0,Monday
2024-05-21,store_1,123.59,0,Tuesday
2024-05-22,store_1,138.95,0,Wednesday
2024-05-23,store_1,131.18,0,Thursday
2024-05-24,store_1,127.29,0,Friday
2024-05-25,store_1,140.22,0,Saturday
2024-05-26,store_1,106.39,0,Sunday
2024-05-27,store_1,119.9,0,Monday
2024-05-28,store_1,128.44,0,Tuesday
2024-05-29,store_1,145.1,0,Wednesday
2024-05-30,store_1,126.17,0,Thursday
2024-05-31,store_1,140.56,0,Friday
2024-06-01,store_1,145.31,0,Saturday
2024-06-02,store_1,93.24,0,Sunday
2024-06-03,store_1,108.24,0,Monday
2024-06-04,store_1,126.3,0,Tuesday
2024-06-05,store_1,130.16,0,Wednesday
2024-06-06,store_1,156.94,1,Thursday
2024-06-07,store_1,190.41,1,Friday
2024-06-08,store_1,127.48,0,Saturday
2024-06-09,store_1,87.6,0,Sunday
2024-06-10,store_1,120.1,0,Monday
2024-06-11,store_1,131.75,0,Tuesday
2024-06-12,store_1,134.34,0,Wednesday
2024-06-13,store_1,119.75,0,Thursday
2024-06-14,store_1,150.28,0,Friday
2024-06-15,store_1,112.04,0,Saturday
2024-06-16,store_1,96.86,0,Sunday
2024-06-17,store_1,125.01,0,Monday
2024-06-18,store_1,187.56,1,Tuesday
2024-06-19,store_1,144.31,0,Wednesday
2024-06-20,store_1,146.24,0,Thursday
2024-06-21,store_1,141.51,0,Friday
2024-06-22,store_1,131.96,0,Saturday
2024-06-23,store_1,99.49,0,Sunday
2024-06-24,store_1,121.33,0,Monday
2024-06-25,store_1,142.72,0,Tuesday
2024-06-26,store_1,145.31,0,Wednesday
2024-06-27,store_1,164.12,1,Thursday
2024-06-28,store_1,128.46,0,Friday
2024-01-01,store_2,157.51,0,Monday
2024-01-02,store_2,175.73,0,Tuesday
2024-01-03,store_2,174.97,0,Wednesday
2024-01-04,store_2,165.32,0,Thursday
2024-01-05,store_2,190.02,0,Friday
2024-01-06,store_2,156.92,0,Saturday
2024-01-07,store_2,131.37,0,Sunday
2024-01-08,store_2,147.48,0,Monday
2024-01-09,store_2,213.27,1,Tuesday
2024-01-10,store_2,173.62,0,Wednesday
2024-01-11,store_2,154.64,0,Thursday
2024-01-12,store_2,171.67,0,Friday
2024-01-13,store_2,198.96,1,Saturday
2024-01-14,store_2,127.6,0,Sunday
2024-01-15,store_2,162.36,0,Monday
2024-01-16,store_2,162.0,0,Tuesday
2024-01-17,store_2,201.33,1,Wednesday
2024-01-18,store_2,146.14,0,Thursday
2024-01-19,store_2,179.79,0,Friday
2024-01-20,store_2,166.83,0,Saturday
2024-01-21,store_2,135.98,0,Sunday
2024-01-22,store_2,154.62,0,Monday
2024-01-23,store_2,181.61,0,Tuesday
2024-01-24,store_2,174.54,0,Wednesday
2024-01-25,store_2,171.44,0,Thursday
2024-01-26,store_2,165.51,0,Friday
2024-01-27,store_2,154.07,0,Saturday
2024-01-28,store_2,120.88,0,Sunday
2024-01-29,store_2,156.11,0,Monday
2024-01-30,store_2,217.29,1,Tuesday
2024-01-31,store_2,180.78,0,Wednesday
2024-02-01,store_2,155.89,0,Thursday
2024-02-02,store_2,185.14,0,Friday
2024-02-03,store_2,202.27,1,Saturday
2024-02-04,store_2,133.71,0,Sunday
2024-02-05,store_2,143.36,0,Monday
2024-02-06,store_2,162.95,0,Tuesday
2024-02-07,store_2,176.4,0,Wednesday
2024-02-08,store_2,177.47,0,Thursday
2024-02-09,store_2,178.16,0,Friday
2024-02-10,store_2,149.05,0,Saturday
2024-02-11,store_2,141.65,0,Sunday
2024-02-12,store_2,203.55,1,Monday
2024-02-13,store_2,179.3,0,Tuesday
2024-02-14,store_2,167.36,0,Wednesday
2024-02-15,store_2,155.75,0,Thursday
2024-02-16,store_2,218.65,1,Friday
2024-02-17,store_2,163.31,0,Saturday
2024-02-18,store_2,135.6,0,Sunday
2024-02-19,store_2,184.57,1,Monday
2024-02-20,store_2,221.77,1,Tuesday
2024-02-21,store_2,177.29,0,Wednesday
2024-02-22,store_2,173.17,0,Thursday
2024-02-23,store_2,175.17,0,Friday
2024-02-24,store_2,167.74,0,Saturday
2024-02-25,store_2,143.5,0,Sunday
2024-02-26,store_2,157.73,0,Monday
2024-02-27,store_2,181.13,0,Tuesday
2024-02-28,store_2,187.82,0,Wednesday
2024-02-29,store_2,166.41,0,Thursday
2024-03-01,store_2,191.28,0,Friday
2024-03-02,store_2,161.88,0,Saturday
2024-03-03,store_2,169.17,1,Sunday
2024-03-04,store_2,155.38,0,Monday
2024-03-05,store_2,166.54,0,Tuesday
2024-03-06,store_2,167.65,0,Wednesday
2024-03-07,store_2,169.19,0,Thursday
2024-03-08,store_2,174.27,0,Friday
2024-03-09,store_2,165.52,0,Saturday
2024-03-10,store_2,138.36,0,Sunday
2024-03-11,store_2,153.17,0,Monday
2024-03-12,store_2,179.0,0,Tuesday
2024-03-13,store_2,231.02,1,Wednesday
2024-03-14,store_2,208.06,1,Thursday
2024-03-15,store_2,213.75,1,Friday
2024-03-16,store_2,182.16,0,Saturday
2024-03-17,store_2,189.92,1,Sunday
2024-03-18,store_2,148.56,0,Monday
2024-03-19,store_2,171.77,0,Tuesday
2024-03-20,store_2,211.96,1,Wednesday
2024-03-21,store_2,174.9,0,Thursday
2024-03-22,store_2,183.53,0,Friday
2024-03-23,store_2,169.99,0,Saturday
2024-03-24,store_2,125.9,0,Sunday
2024-03-25,store_2,153.69,0,Monday
2024-03-26,store_2,221.03,1,Tuesday
2024-03-27,store_2,191.56,0,Wednesday
2024-03-28,store_2,166.48,0,Thursday
2024-03-29,store_2,177.77,0,Friday
2024-03-30,store_2,166.68,0,Saturday
2024-03-31,store_2,132.82,0,Sunday
2024-04-01,store_2,162.72,0,Monday
2024-04-02,store_2,173.42,0,Tuesday
2024-04-03,store_2,184.55,0,Wednesday
2024-04-04,store_2,183.74,0,Thursday
2024-04-05,store_2,188.16,0,Friday
2024-04-06,store_2,168.72,0,Saturday
2024-04-07,store_2,147.58,0,Sunday
2024-04-08,store_2,170.03,0,Monday
2024-04-09,store_2,183.83,0,Tuesday
2024-04-10,store_2,234.53,1,Wednesday
2024-04-11,store_2,177.07,0,Thursday
2024-04-12,store_2,178.54,0,Friday
2024-04-13,store_2,171.76,0,Saturday
2024-04-14,store_2,155.97,0,Sunday
2024-04-15,store_2,162.78,0,Monday
2024-04-16,store_2,181.77,0,Tuesday
2024-04-17,store_2,182.46,0,Wednesday
2024-04-18,store_2,168.93,0,Thursday
2024-04-19,store_2,186.04,0,Friday
2024-04-20,store_2,162.47,0,Saturday
2024-04-21,store_2,138.14,0,Sunday
2024-04-22,store_2,161.49,0,Monday
2024-04-23,store_2,225.07,1,Tuesday
2024-04-24,store_2,172.38,0,Wednesday
2024-04-25,store_2,209.64,1,Thursday
2024-04-26,store_2,194.87,0,Friday
2024-04-27,store_2,177.75,0,Saturday
2024-04-28,store_2,138.24,0,Sunday
2024-04-29,store_2,159.92,0,Monday
2024-04-30,store_2,217.66,1,Tuesday
2024-05-01,store_2,184.55,0,Wednesday
2024-05-02,store_2,176.4,0,Thursday
2024-05-03,store_2,188.51,0,Friday
2024-05-04,store_2,171.61,0,Saturday
2024-05-05,store_2,182.95,1,Sunday
2024-05-06,store_2,210.41,1,Monday
2024-05-07,store_2,188.58,0,Tuesday
2024-05-08,store_2,191.95,0,Wednesday
2024-05-09,store_2,166.4,0,Thursday
2024-05-10,store_2,228.96,1,Friday
2024-05-11,store_2,174.94,0,Saturday
2024-05-12,store_2,134.73,0,Sunday
2024-05-13,store_2,153.51,0,Monday
2024-05-14,store_2,186.97,0,Tuesday
2024-05-15,store_2,194.1,0,Wednesday
2024-05-16,store_2,167.37,0,Thursday
2024-05-17,store_2,182.72,0,Friday
2024-05-18,store_2,225.72,1,Saturday
2024-05-19,store_2,141.6,0,Sunday
2024-05-20,store_2,158.78,0,Monday
2024-05-21,store_2,182.93,0,Tuesday
2024-05-22,store_2,202.34,0,Wednesday
2024-05-23,store_2,176.4,0,Thursday
2024-05-24,store_2,183.87,0,Friday
2024-05-25,store_2,163.48,0,Saturday
2024-05-26,store_2,138.38,0,Sunday
2024-05-27,store_2,164.51,0,Monday
2024-05-28,store_2,178.8,0,Tuesday
2024-05-29,store_2,200.13,0,Wednesday
2024-05-30,store_2,171.41,0,Thursday
2024-05-31,store_2,175.03,0,Friday
2024-06-01,store_2,160.76,0,Saturday
2024-06-02,store_2,189.08,1,Sunday
2024-06-03,store_2,156.99,0,Monday
2024-06-04,store_2,186.25,0,Tuesday
2024-06-05,store_2,228.22,1,Wednesday
2024-06-06,store_2,217.75,1,Thursday
2024-06-07,store_2,207.19,0,Friday
2024-06-08,store_2,182.13,0,Saturday
2024-06-09,store_2,182.88,1,Sunday
2024-06-10,store_2,164.35,0,Monday
2024-06-11,store_2,192.22,0,Tuesday
2024-06-12,store_2,181.85,0,Wednesday
2024-06-13,store_2,192.53,0,Thursday
2024-06-14,store_2,187.09,0,Friday
2024-06-15,store_2,177.5,0,Saturday
2024-06-16,store_2,159.07,0,Sunday
2024-06-17,store_2,156.04,0,Monday
2024-06-18,store_2,201.41,0,Tuesday
2024-06-19,store_2,183.8,0,Wednesday
2024-06-20,store_2,215.24,1,Thursday
2024-06-21,store_2,232.68,1,Friday
2024-06-22,store_2,169.3,0,Saturday
2024-06-23,store_2,152.28,0,Sunday
2024-06-24,store_2,211.27,1,Monday
2024-06-25,store_2,224.16,1,Tuesday
2024-06-26,store_2,179.69,0,Wednesday
2024-06-27,store_2,180.47,0,Thursday
2024-06-28,store_2,186.44,0,Friday
2024-01-01,store_3,206.73,0,Monday
2024-01-02,store_3,232.25,0,Tuesday
2024-01-03,store_3,234.45,0,Wednesday
2024-01-04,store_3,264.86,1,Thursday
2024-01-05,store_3,236.87,0,Friday
2024-01-06,store_3,227.39,0,Saturday
2024-01-07,store_3,249.17,1,Sunday
2024-01-08,store_3,221.9,0,Monday
2024-01-09,store_3,241.6,0,Tuesday
2024-01-10,store_3,251.66,0,Wednesday
2024-01-11,store_3,232.34,0,Thursday
2024-01-12,store_3,246.31,0,Friday
2024-01-13,store_3,277.94,1,Saturday
2024-01-14,store_3,229.79,1,Sunday
2024-01-15,store_3,215.31,0,Monday
2024-01-16,store_3,250.78,0,Tuesday
2024-01-17,store_3,248.9,0,Wednesday
2024-01-18,store_3,224.46,0,Thursday
2024-01-19,store_3,236.12,0,Friday
2024-01-20,store_3,228.34,0,Saturday
2024-01-21,store_3,204.9,0,Sunday
2024-01-22,store_3,225.53,0,Monday
2024-01-23,store_3,288.27,1,Tuesday
2024-01-24,store_3,246.3,0,Wednesday
2024-01-25,store_3,232.81,0,Thursday
2024-01-26,store_3,235.95,0,Friday
2024-01-27,store_3,230.47,0,Saturday
2024-01-28,store_3,211.23,0,Sunday
2024-01-29,store_3,236.6,0,Monday
2024-01-30,store_3,236.74,0,Tuesday
2024-01-31,store_3,239.84,0,Wednesday
2024-02-01,store_3,234.61,0,Thursday
2024-02-02,store_3,247.33,0,Friday
2024-02-03,store_3,224.49,0,Saturday
2024-02-04,store_3,193.07,0,Sunday
2024-02-05,store_3,225.54,0,Monday
2024-02-06,store_3,231.29,0,Tuesday
2024-02-07,store_3,257.91,0,Wednesday
2024-02-08,store_3,238.1,0,Thursday
2024-02-09,store_3,277.75,1,Friday
2024-02-10,store_3,238.12,0,Saturday
2024-02-11,store_3,245.35,1,Sunday
2024-02-12,store_3,220.98,0,Monday
2024-02-13,store_3,280.53,1,Tuesday
2024-02-14,store_3,253.6,0,Wednesday
2024-02-15,store_3,248.43,0,Thursday
2024-02-16,store_3,281.37,1,Friday
2024-02-17,store_3,243.3,0,Saturday
2024-02-18,store_3,213.59,0,Sunday
2024-02-19,store_3,219.59,0,Monday
2024-02-20,store_3,229.59,0,Tuesday
2024-02-21,store_3,252.51,0,Wednesday
2024-02-22,store_3,226.95,0,Thursday
2024-02-23,store_3,252.03,0,Friday
2024-02-24,store_3,232.51,0,Saturday
2024-02-25,store_3,246.99,1,Sunday
2024-02-26,store_3,224.27,0,Monday
2024-02-27,store_3,294.51,1,Tuesday
2024-02-28,store_3,250.62,0,Wednesday
2024-02-29,store_3,234.07,0,Thursday
2024-03-01,store_3,257.89,0,Friday
2024-03-02,store_3,245.78,0,Saturday
2024-03-03,store_3,200.24,0,Sunday
2024-03-04,store_3,238.08,0,Monday
2024-03-05,store_3,231.16,0,Tuesday
2024-03-06,store_3,254.59,0,Wednesday
2024-03-07,store_3,238.72,0,Thursday
2024-03-08,store_3,254.53,0,Friday
2024-03-09,store_3,225.89,0,Saturday
2024-03-10,store_3,251.32,1,Sunday
2024-03-11,store_3,202.8,0,Monday
2024-03-12,store_3,245.81,0,Tuesday
2024-03-13,store_3,250.31,0,Wednesday
2024-03-14,store_3,240.79,0,Thursday
2024-03-15,store_3,244.19,0,Friday
2024-03-16,store_3,230.21,0,Saturday
2024-03-17,store_3,211.08,0,Sunday
2024-03-18,store_3,245.35,0,Monday
2024-03-19,store_3,250.77,0,Tuesday
2024-03-20,store_3,255.61,0,Wednesday
2024-03-21,store_3,234.04,0,Thursday
2024-03-22,store_3,295.23,1,Friday
2024-03-23,store_3,279.92,1,Saturday
2024-03-24,store_3,207.81,0,Sunday
2024-03-25,store_3,236.74,0,Monday
2024-03-26,store_3,289.25,1,Tuesday
2024-03-27,store_3,245.79,0,Wednesday
2024-03-28,store_3,258.82,0,Thursday
2024-03-29,store_3,250.55,0,Friday
2024-03-30,store_3,248.5,0,Saturday
2024-03-31,store_3,199.01,0,Sunday
2024-04-01,store_3,234.84,0,Monday
2024-04-02,store_3,246.08,0,Tuesday
2024-04-03,store_3,247.16,0,Wednesday
2024-04-04,store_3,228.34,0,Thursday
2024-04-05,store_3,242.43,0,Friday
2024-04-06,store_3,251.03,0,Saturday
2024-04-07,store_3,206.67,0,Sunday
2024-04-08,store_3,229.89,0,Monday
2024-04-09,store_3,255.23,0,Tuesday
2024-04-10,store_3,248.59,0,Wednesday
2024-04-11,store_3,234.63,0,Thursday
2024-04-12,store_3,262.38,0,Friday
2024-04-13,store_3,247.88,0,Saturday
2024-04-14,store_3,213.5,0,Sunday
2024-04-15,store_3,219.56,0,Monday
2024-04-16,store_3,234.04,0,Tuesday
2024-04-17,store_3,252.25,0,Wednesday
2024-04-18,store_3,273.45,1,Thursday
2024-04-19,store_3,257.47,0,Friday
2024-04-20,store_3,244.29,0,Saturday
2024-04-21,store_3,213.83,0,Sunday
2024-04-22,store_3,233.44,0,Monday
2024-04-23,store_3,250.98,0,Tuesday
2024-04-24,store_3,253.32,0,Wednesday
2024-04-25,store_3,245.49,0,Thursday
2024-04-26,store_3,251.91,0,Friday
2024-04-27,store_3,217.99,0,Saturday
2024-04-28,store_3,221.79,0,Sunday
2024-04-29,store_3,245.58,0,Monday
2024-04-30,store_3,258.02,0,Tuesday
2024-05-01,store_3,255.69,0,Wednesday
2024-05-02,store_3,281.65,1,Thursday
2024-05-03,store_3,250.72,0,Friday
2024-05-04,store_3,234.15,0,Saturday
2024-05-05,store_3,209.31,0,Sunday
2024-05-06,store_3,227.03,0,Monday
2024-05-07,store_3,248.74,0,Tuesday
2024-05-08,store_3,253.85,0,Wednesday
2024-05-09,store_3,245.51,0,Thursday
2024-05-10,store_3,250.29,0,Friday
2024-05-11,store_3,256.31,0,Saturday
2024-05-12,store_3,210.63,0,Sunday
2024-05-13,store_3,274.21,1,Monday
2024-05-14,store_3,240.93,0,Tuesday
2024-05-15,store_3,312.73,1,Wednesday
2024-05-16,store_3,236.68,0,Thursday
2024-05-17,store_3,291.09,1,Friday
2024-05-18,store_3,235.17,0,Saturday
2024-05-19,store_3,220.85,0,Sunday
2024-05-20,store_3,284.24,1,Monday
2024-05-21,store_3,288.19,1,Tuesday
2024-05-22,store_3,270.7,0,Wednesday
2024-05-23,store_3,245.47,0,Thursday
2024-05-24,store_3,255.1,0,Friday
2024-05-25,store_3,253.42,0,Saturday
2024-05-26,store_3,229.09,0,Sunday
2024-05-27,store_3,236.95,0,Monday
2024-05-28,store_3,252.5,0,Tuesday
2024-05-29,store_3,269.37,0,Wednesday
2024-05-30,store_3,296.42,1,Thursday
2024-05-31,store_3,296.6,1,Friday
2024-06-01,store_3,250.77,0,Saturday
2024-06-02,store_3,208.15,0,Sunday
2024-06-03,store_3,228.88,0,Monday
2024-06-04,store_3,246.15,0,Tuesday
2024-06-05,store_3,253.22,0,Wednesday
2024-06-06,store_3,252.2,0,Thursday
2024-06-07,store_3,263.29,0,Friday
2024-06-08,store_3,245.78,0,Saturday
2024-06-09,store_3,225.91,0,Sunday
2024-06-10,store_3,267.21,1,Monday
2024-06-11,store_3,258.91,0,Tuesday
2024-06-12,store_3,274.77,0,Wednesday
2024-06-13,store_3,253.1,0,Thursday
2024-06-14,store_3,292.88,1,Friday
2024-06-15,store_3,259.2,0,Saturday
2024-06-16,store_3,227.71,0,Sunday
2024-06-17,store_3,236.76,0,Monday
2024-06-18,store_3,260.05,0,Tuesday
2024-06-19,store_3,253.67,0,Wednesday
2024-06-20,store_3,248.19,0,Thursday
2024-06-21,store_3,276.54,1,Friday
2024-06-22,store_3,247.92,0,Saturday
2024-06-23,store_3,227.43,0,Sunday
2024-06-24,store_3,242.17,0,Monday
2024-06-25,store_3,264.32,0,Tuesday
2024-06-26,store_3,272.4,0,Wednesday
2024-06-27,store_3,283.09,1,Thursday
2024-06-28,store_3,309.58,1,Friday
2024-01-01,store_4,72.89,0,Monday
2024-01-02,store_4,88.37,0,Tuesday
2024-01-03,store_4,102.06,0,Wednesday
2024-01-04,store_4,126.96,1,Thursday
2024-01-05,store_4,111.64,0,Friday
2024-01-06,store_4,136.34,1,Saturday
2024-01-07,store_4,61.2,0,Sunday
2024-01-08,store_4,73.87,0,Monday
2024-01-09,store_4,104.98,0,Tuesday
2024-01-10,store_4,132.33,1,Wednesday
2024-01-11,store_4,89.63,0,Thursday
2024-01-12,store_4,93.27,0,Friday
2024-01-13,store_4,90.35,0,Saturday
2024-01-14,store_4,57.78,0,Sunday
2024-01-15,store_4,80.23,0,Monday
2024-01-16,store_4,97.91,0,Tuesday
2024-01-17,store_4,111.28,0,Wednesday
2024-01-18,store_4,97.02,0,Thursday
2024-01-19,store_4,105.12,0,Friday
2024-01-20,store_4,88.46,0,Saturday
2024-01-21,store_4,61.45,0,Sunday
2024-01-22,store_4,77.52,0,Monday
2024-01-23,store_4,99.83,0,Tuesday
2024-01-24,store_4,114.95,0,Wednesday
2024-01-25,store_4,90.72,0,Thursday
2024-01-26,store_4,113.05,0,Friday
2024-01-27,store_4,87.11,0,Saturday
2024-01-28,store_4,104.69,1,Sunday
2024-01-29,store_4,68.47,0,Monday
2024-01-30,store_4,99.57,0,Tuesday
2024-01-31,store_4,103.17,0,Wednesday
2024-02-01,store_4,139.9,1,Thursday
2024-02-02,store_4,121.78,0,Friday
2024-02-03,store_4,94.91,0,Saturday
2024-02-04,store_4,53.97,0,Sunday
2024-02-05,store_4,103.19,0,Monday
2024-02-06,store_4,137.33,1,Tuesday
2024-02-07,store_4,109.4,0,Wednesday
2024-02-08,store_4,89.05,0,Thursday
2024-02-09,store_4,101.03,0,Friday
2024-02-10,store_4,78.6,0,Saturday
2024-02-11,store_4,60.03,0,Sunday
2024-02-12,store_4,88.13,0,Monday
2024-02-13,store_4,96.77,0,Tuesday
2024-02-14,store_4,108.66,0,Wednesday
2024-02-15,store_4,95.44,0,Thursday
2024-02-16,store_4,98.31,0,Friday
2024-02-17,store_4,141.62,1,Saturday
2024-02-18,store_4,62.34,0,Sunday
2024-02-19,store_4,137.86,1,Monday
2024-02-20,store_4,106.53,0,Tuesday
2024-02-21,store_4,122.2,0,Wednesday
2024-02-22,store_4,143.19,1,Thursday
2024-02-23,store_4,123.46,0,Friday
2024-02-24,store_4,128.89,1,Saturday
2024-02-25,store_4,66.92,0,Sunday
2024-02-26,store_4,91.18,0,Monday
2024-02-27,store_4,112.05,0,Tuesday
2024-02-28,store_4,144.38,1,Wednesday
2024-02-29,store_4,85.97,0,Thursday
2024-03-01,store_4,104.72,0,Friday
2024-03-02,store_4,149.69,1,Saturday
2024-03-03,store_4,69.74,0,Sunday
2024-03-04,store_4,78.05,0,Monday
2024-03-05,store_4,103.65,0,Tuesday
2024-03-06,store_4,115.5,0,Wednesday
2024-03-07,store_4,104.92,0,Thursday
2024-03-08,store_4,113.93,0,Friday
2024-03-09,store_4,101.96,0,Saturday
2024-03-10,store_4,68.91,0,Sunday
2024-03-11,store_4,94.28,0,Monday
2024-03-12,store_4,110.76,0,Tuesday
2024-03-13,store_4,109.46,0,Wednesday
2024-03-14,store_4,131.26,1,Thursday
2024-03-15,store_4,98.4,0,Friday
2024-03-16,store_4,103.34,0,Saturday
2024-03-17,store_4,63.86,0,Sunday
2024-03-18,store_4,90.79,0,Monday
2024-03-19,store_4,108.89,0,Tuesday
2024-03-20,store_4,117.76,0,Wednesday
2024-03-21,store_4,104.77,0,Thursday
2024-03-22,store_4,152.47,1,Friday
2024-03-23,store_4,116.2,0,Saturday
2024-03-24,store_4,69.9,0,Sunday
2024-03-25,store_4,87.2,0,Monday
2024-03-26,store_4,101.04,0,Tuesday
2024-03-27,store_4,127.39,0,Wednesday
2024-03-28,store_4,115.36,0,Thursday
2024-03-29,store_4,102.45,0,Friday
2024-03-30,store_4,99.19,0,Saturday
2024-03-31,store_4,66.85,0,Sunday
2024-04-01,store_4,87.78,0,Monday
2024-04-02,store_4,116.95,0,Tuesday
2024-04-03,store_4,124.04,0,Wednesday
2024-04-04,store_4,148.03,1,Thursday
2024-04-05,store_4,109.13,0,Friday
2024-04-06,store_4,151.43,1,Saturday
2024-04-07,store_4,72.85,0,Sunday
2024-04-08,store_4,85.54,0,Monday
2024-04-09,store_4,117.97,0,Tuesday
2024-04-10,store_4,122.14,0,Wednesday
2024-04-11,store_4,104.05,0,Thursday
2024-04-12,store_4,121.59,0,Friday
2024-04-13,store_4,103.78,0,Saturday
2024-04-14,store_4,55.01,0,Sunday
2024-04-15,store_4,139.81,1,Monday
2024-04-16,store_4,120.61,0,Tuesday
2024-04-17,store_4,117.77,0,Wednesday
2024-04-18,store_4,107.31,0,Thursday
2024-04-19,store_4,109.89,0,Friday
2024-04-20,store_4,99.07,0,Saturday
2024-04-21,store_4,70.73,0,Sunday
2024-04-22,store_4,98.24,0,Monday
2024-04-23,store_4,152.5,1,Tuesday
2024-04-24,store_4,120.86,0,Wednesday
2024-04-25,store_4,100.93,0,Thursday
2024-04-26,store_4,114.16,0,Friday
2024-04-27,store_4,109.38,0,Saturday
2024-04-28,store_4,64.22,0,Sunday
2024-04-29,store_4,85.24,0,Monday
2024-04-30,store_4,111.82,0,Tuesday
2024-05-01,store_4,116.05,0,Wednesday
2024-05-02,store_4,104.16,0,Thursday
2024-05-03,store_4,115.12,0,Friday
2024-05-04,store_4,89.46,0,Saturday
2024-05-05,store_4,114.83,1,Sunday
2024-05-06,store_4,83.29,0,Monday
2024-05-07,store_4,152.11,1,Tuesday
2024-05-08,store_4,109.54,0,Wednesday
2024-05-09,store_4,110.55,0,Thursday
2024-05-10,store_4,114.0,0,Friday
2024-05-11,store_4,95.88,0,Saturday
2024-05-12,store_4,70.7,0,Sunday
2024-05-13,store_4,138.3,1,Monday
2024-05-14,store_4,119.19,0,Tuesday
2024-05-15,store_4,129.14,0,Wednesday
2024-05-16,store_4,137.9,1,Thursday
2024-05-17,store_4,123.41,0,Friday
2024-05-18,store_4,122.81,0,Saturday
2024-05-19,store_4,63.77,0,Sunday
2024-05-20,store_4,88.75,0,Monday
2024-05-21,store_4,111.19,0,Tuesday
2024-05-22,store_4,159.45,1,Wednesday
2024-05-23,store_4,106.13,0,Thursday
2024-05-24,store_4,115.41,0,Friday
2024-05-25,store_4,139.88,1,Saturday
2024-05-26,store_4,110.94,1,Sunday
2024-05-27,store_4,79.92,0,Monday
2024-05-28,store_4,122.7,0,Tuesday
2024-05-29,store_4,116.87,0,Wednesday
2024-05-30,store_4,105.51,0,Thursday
2024-05-31,store_4,121.57,0,Friday
2024-06-01,store_4,109.18,0,Saturday
2024-06-02,store_4,77.7,0,Sunday
2024-06-03,store_4,98.78,0,Monday
2024-06-04,store_4,152.45,1,Tuesday
2024-06-05,store_4,130.39,0,Wednesday
2024-06-06,store_4,111.18,0,Thursday
2024-06-07,store_4,115.95,0,Friday
2024-06-08,store_4,108.77,0,Saturday
2024-06-09,store_4,65.1,0,Sunday
2024-06-10,store_4,102.29,0,Monday
2024-06-11,store_4,123.26,0,Tuesday
2024-06-12,store_4,116.41,0,Wednesday
2024-06-13,store_4,147.87,1,Thursday
2024-06-14,store_4,124.56,0,Friday
2024-06-15,store_4,106.67,0,Saturday
2024-06-16,store_4,78.16,0,Sunday
2024-06-17,store_4,95.93,0,Monday
2024-06-18,store_4,149.86,1,Tuesday
2024-06-19,store_4,120.25,0,Wednesday
2024-06-20,store_4,124.68,0,Thursday
2024-06-21,store_4,122.65,0,Friday
2024-06-22,store_4,103.6,0,Saturday
2024-06-23,store_4,84.11,0,Sunday
2024-06-24,store_4,89.23,0,Monday
2024-06-25,store_4,113.58,0,Tuesday
2024-06-26,store_4,118.33,0,Wednesday
2024-06-27,store_4,108.88,0,Thursday
2024-06-28,store_4,123.48,0,Friday
2024-01-01,store_5,179.63,0,Monday
2024-01-02,store_5,182.9,0,Tuesday
2024-01-03,store_5,196.02,0,Wednesday
2024-01-04,store_5,199.18,0,Thursday
2024-01-05,store_5,205.28,0,Friday
2024-01-06,store_5,179.25,0,Saturday
2024-01-07,store_5,161.29,0,Sunday
2024-01-08,store_5,216.7,1,Monday
2024-01-09,store_5,230.05,1,Tuesday
2024-01-10,store_5,243.21,1,Wednesday
2024-01-11,store_5,203.58,0,Thursday
2024-01-12,store_5,210.87,0,Friday
2024-01-13,store_5,182.82,0,Saturday
2024-01-14,store_5,192.16,1,Sunday
2024-01-15,store_5,170.55,0,Monday
2024-01-16,store_5,181.64,0,Tuesday
2024-01-17,store_5,206.52,0,Wednesday
2024-01-18,store_5,183.94,0,Thursday
2024-01-19,store_5,210.42,0,Friday
2024-01-20,store_5,236.37,1,Saturday
2024-01-21,store_5,154.53,0,Sunday
2024-01-22,store_5,179.91,0,Monday
2024-01-23,store_5,205.33,0,Tuesday
2024-01-24,store_5,208.41,0,Wednesday
2024-01-25,store_5,184.65,0,Thursday
2024-01-26,store_5,197.8,0,Friday
2024-01-27,store_5,188.32,0,Saturday
2024-01-28,store_5,173.66,0,Sunday
2024-01-29,store_5,174.25,0,Monday
2024-01-30,store_5,262.32,1,Tuesday
2024-01-31,store_5,214.2,0,Wednesday
2024-02-01,store_5,199.22,0,Thursday
2024-02-02,store_5,211.37,0,Friday
2024-02-03,store_5,189.41,0,Saturday
2024-02-04,store_5,161.53,0,Sunday
2024-02-05,store_5,179.26,0,Monday
2024-02-06,store_5,199.49,0,Tuesday
2024-02-07,store_5,208.05,0,Wednesday
2024-02-08,store_5,234.69,1,Thursday
2024-02-09,store_5,207.93,0,Friday
2024-02-10,store_5,201.87,0,Saturday
2024-02-11,store_5,162.47,0,Sunday
2024-02-12,store_5,219.5,1,Monday
2024-02-13,store_5,243.29,1,Tuesday
2024-02-14,store_5,247.33,1,Wednesday
2024-02-15,store_5,202.36,0,Thursday
2024-02-16,store_5,200.83,0,Friday
2024-02-17,store_5,243.23,1,Saturday
2024-02-18,store_5,143.84,0,Sunday
2024-02-19,store_5,212.66,1,Monday
2024-02-20,store_5,219.36,0,Tuesday
2024-02-21,store_5,206.14,0,Wednesday
2024-02-22,store_5,183.47,0,Thursday
2024-02-23,store_5,205.2,0,Friday
2024-02-24,store_5,199.33,0,Saturday
2024-02-25,store_5,160.19,0,Sunday
2024-02-26,store_5,172.38,0,Monday
2024-02-27,store_5,199.01,0,Tuesday
2024-02-28,store_5,203.89,0,Wednesday
2024-02-29,store_5,206.27,0,Thursday
2024-03-01,store_5,214.28,0,Friday
2024-03-02,store_5,195.71,0,Saturday
2024-03-03,store_5,180.1,0,Sunday
2024-03-04,store_5,186.56,0,Monday
2024-03-05,store_5,203.73,0,Tuesday
2024-03-06,store_5,208.42,0,Wednesday
2024-03-07,store_5,196.87,0,Thursday
2024-03-08,store_5,223.48,0,Friday
2024-03-09,store_5,199.76,0,Saturday
2024-03-10,store_5,205.58,1,Sunday
2024-03-11,store_5,181.02,0,Monday
2024-03-12,store_5,217.31,0,Tuesday
2024-03-13,store_5,199.36,0,Wednesday
2024-03-14,store_5,243.1,1,Thursday
2024-03-15,store_5,206.59,0,Friday
2024-03-16,store_5,191.2,0,Saturday
2024-03-17,store_5,163.01,0,Sunday
2024-03-18,store_5,191.62,0,Monday
2024-03-19,store_5,221.63,0,Tuesday
2024-03-20,store_5,202.26,0,Wednesday
2024-03-21,store_5,211.14,0,Thursday
2024-03-22,store_5,210.59,0,Friday
2024-03-23,store_5,199.79,0,Saturday
2024-03-24,store_5,185.65,0,Sunday
2024-03-25,store_5,187.35,0,Monday
2024-03-26,store_5,206.91,0,Tuesday
2024-03-27,store_5,214.12,0,Wednesday
2024-03-28,store_5,195.03,0,Thursday
2024-03-29,store_5,214.5,0,Friday
2024-03-30,store_5,200.62,0,Saturday
2024-03-31,store_5,162.59,0,Sunday
2024-04-01,store_5,195.38,0,Monday
2024-04-02,store_5,208.51,0,Tuesday
2024-04-03,store_5,210.67,0,Wednesday
2024-04-04,store_5,244.43,1,Thursday
2024-04-05,store_5,209.22,0,Friday
2024-04-06,store_5,203.65,0,Saturday
2024-04-07,store_5,208.65,1,Sunday
2024-04-08,store_5,180.28,0,Monday
2024-04-09,store_5,211.64,0,Tuesday
2024-04-10,store_5,251.71,1,Wednesday
2024-04-11,store_5,195.31,0,Thursday
2024-04-12,store_5,211.05,0,Friday
2024-04-13,store_5,205.68,0,Saturday
2024-04-14,store_5,208.8,1,Sunday
2024-04-15,store_5,235.77,1,Monday
2024-04-16,store_5,198.84,0,Tuesday
2024-04-17,store_5,217.36,0,Wednesday
2024-04-18,store_5,206.58,0,Thursday
2024-04-19,store_5,214.71,0,Friday
2024-04-20,store_5,218.57,0,Saturday
2024-04-21,store_5,150.61,0,Sunday
2024-04-22,store_5,185.12,0,Monday
2024-04-23,store_5,216.05,0,Tuesday
2024-04-24,store_5,206.11,0,Wednesday
2024-04-25,store_5,204.48,0,Thursday
2024-04-26,store_5,210.07,0,Friday
2024-04-27,store_5,209.54,0,Saturday
2024-04-28,store_5,214.32,1,Sunday
2024-04-29,store_5,182.48,0,Monday
2024-04-30,store_5,209.03,0,Tuesday
2024-05-01,store_5,204.62,0,Wednesday
2024-05-02,store_5,244.68,1,Thursday
2024-05-03,store_5,227.14,0,Friday
2024-05-04,store_5,247.46,1,Saturday
2024-05-05,store_5,176.46,0,Sunday
2024-05-06,store_5,193.98,0,Monday
2024-05-07,store_5,227.48,0,Tuesday
2024-05-08,store_5,211.82,0,Wednesday
2024-05-09,store_5,201.6,0,Thursday
2024-05-10,store_5,220.04,0,Friday
2024-05-11,store_5,216.21,0,Saturday
2024-05-12,store_5,180.1,0,Sunday
2024-05-13,store_5,190.58,0,Monday
2024-05-14,store_5,245.99,1,Tuesday
2024-05-15,store_5,251.22,1,Wednesday
2024-05-16,store_5,213.58,0,Thursday
2024-05-17,store_5,269.98,1,Friday
2024-05-18,store_5,200.81,0,Saturday
2024-05-19,store_5,177.4,0,Sunday
2024-05-20,store_5,189.26,0,Monday
2024-05-21,store_5,203.22,0,Tuesday
2024-05-22,store_5,218.67,0,Wednesday
2024-05-23,store_5,218.68,0,Thursday
2024-05-24,store_5,217.61,0,Friday
2024-05-25,store_5,205.53,0,Saturday
2024-05-26,store_5,171.29,0,Sunday
2024-05-27,store_5,197.29,0,Monday
2024-05-28,store_5,217.06,0,Tuesday
2024-05-29,store_5,223.15,0,Wednesday
2024-05-30,store_5,209.13,0,Thursday
2024-05-31,store_5,266.87,1,Friday
2024-06-01,store_5,196.75,0,Saturday
2024-06-02,store_5,186.39,0,Sunday
2024-06-03,store_5,201.74,0,Monday
2024-06-04,store_5,209.33,0,Tuesday
2024-06-05,store_5,225.13,0,Wednesday
2024-06-06,store_5,195.02,0,Thursday
2024-06-07,store_5,217.64,0,Friday
2024-06-08,store_5,217.92,0,Saturday
2024-06-09,store_5,184.06,0,Sunday
2024-06-10,store_5,192.04,0,Monday
2024-06-11,store_5,215.48,0,Tuesday
2024-06-12,store_5,226.95,0,Wednesday
2024-06-13,store_5,203.03,0,Thursday
2024-06-14,store_5,211.71,0,Friday
2024-06-15,store_5,199.72,0,Saturday
2024-06-16,store_5,182.18,0,Sunday
2024-06-17,store_5,203.93,0,Monday
2024-06-18,store_5,218.86,0,Tuesday
2024-06-19,store_5,235.17,0,Wednesday
2024-06-20,store_5,222.47,0,Thursday
2024-06-21,store_5,209.18,0,Friday
2024-06-22,store_5,207.05,0,Saturday
2024-06-23,store_5,185.39,0,Sunday
2024-06-24,store_5,199.67,0,Monday
2024-06-25,store_5,216.74,0,Tuesday
2024-06-26,store_5,229.58,0,Wednesday
2024-06-27,store_5,204.99,0,Thursday
2024-06-28,store_5,276.15,1,Friday
